Shoulder,Elbow
194.0,490.0
194.0,491.0
194.0,490.0
195.0,490.0
194.0,490.0
195.0,490.0
195.0,490.0
194.0,491.0
194.0,490.0
194.0,489.0
195.0,491.0
196.0,490.0
194.0,490.0
193.0,491.0
193.0,490.0
194.0,491.0
195.0,489.0
195.0,492.0
195.0,491.0
195.0,491.0
197.0,490.0
195.0,491.0
196.0,491.0
195.0,490.0
196.0,490.0
195.0,490.0
196.0,489.0
196.0,490.0
196.0,489.0
197.0,488.0
196.0,490.0
195.0,488.0
195.0,490.0
196.0,491.0
197.0,491.0
195.0,490.0
195.0,491.0
194.0,489.0
194.0,491.0
195.0,490.0
194.0,490.0
194.0,491.0
195.0,491.0
193.0,489.0
194.0,490.0
192.0,492.0
195.0,490.0
194.0,490.0
195.0,491.0
196.0,491.0
193.0,489.0
197.0,490.0
195.0,490.0
195.0,491.0
193.0,491.0
198.0,490.0
194.0,490.0
195.0,490.0
194.0,490.0
196.0,490.0
196.0,490.0
195.0,487.0
197.0,491.0
194.0,490.0
195.0,490.0
195.0,490.0
195.0,490.0
196.0,490.0
195.0,490.0
193.0,491.0
196.0,490.0
193.0,490.0
196.0,490.0
196.0,490.0
192.0,491.0
195.0,491.0
195.0,490.0
195.0,489.0
195.0,490.0
195.0,491.0
194.0,490.0
195.0,491.0
195.0,491.0
196.0,489.0
193.0,491.0
195.0,490.0
194.0,490.0
195.0,491.0
194.0,489.0
196.0,490.0
193.0,491.0
194.0,492.0
196.0,491.0
195.0,491.0
195.0,491.0
196.0,491.0
196.0,488.0
194.0,490.0
196.0,490.0
196.0,491.0
195.0,490.0
196.0,488.0
196.0,490.0
197.0,490.0
195.0,490.0
194.0,490.0
195.0,490.0
194.0,490.0
196.0,488.0
196.0,489.0
194.0,490.0
196.0,490.0
195.0,490.0
194.0,490.0
196.0,491.0
195.0,490.0
196.0,491.0
196.0,491.0
195.0,491.0
194.0,490.0
195.0,490.0
193.0,490.0
194.0,491.0
193.0,489.0
196.0,490.0
195.0,490.0
195.0,490.0
197.0,490.0
195.0,490.0
196.0,491.0
195.0,490.0
196.0,491.0
196.0,490.0
196.0,490.0
196.0,491.0
195.0,490.0
195.0,490.0
194.0,492.0
195.0,490.0
196.0,491.0
196.0,490.0
194.0,490.0
195.0,490.0
195.0,490.0
196.0,490.0
194.0,490.0
196.0,491.0
194.0,490.0
195.0,491.0
197.0,490.0
196.0,492.0
192.0,489.0
194.0,490.0
195.0,491.0
196.0,490.0
195.0,490.0
194.0,490.0
195.0,490.0
194.0,490.0
194.0,490.0
193.0,490.0
195.0,492.0
194.0,491.0
195.0,490.0
197.0,490.0
194.0,490.0
195.0,492.0
196.0,491.0
197.0,490.0
195.0,490.0
195.0,489.0
195.0,490.0
195.0,489.0
195.0,489.0
196.0,490.0
195.0,489.0
196.0,490.0
197.0,490.0
195.0,490.0
195.0,490.0
196.0,495.0
195.0,492.0
194.0,490.0
195.0,490.0
195.0,490.0
194.0,489.0
195.0,490.0
195.0,490.0
196.0,489.0
195.0,491.0
195.0,490.0
194.0,491.0
194.0,490.0
195.0,490.0
196.0,490.0
194.0,491.0
195.0,490.0
195.0,491.0
195.0,491.0
196.0,490.0
193.0,491.0
197.0,491.0
194.0,489.0
195.0,490.0
195.0,491.0
196.0,489.0
196.0,489.0
196.0,491.0
193.0,490.0
196.0,491.0
193.0,490.0
194.0,490.0
195.0,490.0
195.0,491.0
196.0,490.0
195.0,491.0
194.0,490.0
195.0,489.0
195.0,490.0
194.0,490.0
196.0,491.0
194.0,489.0
196.0,491.0
195.0,490.0
195.0,490.0
196.0,491.0
195.0,489.0
194.0,489.0
192.0,490.0
195.0,490.0
195.0,490.0
195.0,491.0
194.0,490.0
196.0,490.0
194.0,490.0
195.0,489.0
195.0,491.0
195.0,489.0
195.0,490.0
196.0,490.0
197.0,490.0
195.0,490.0
196.0,491.0
196.0,491.0
196.0,490.0
195.0,489.0
195.0,491.0
195.0,490.0
195.0,490.0
196.0,490.0
195.0,488.0
197.0,490.0
194.0,490.0
195.0,489.0
196.0,490.0
195.0,489.0
194.0,491.0
194.0,490.0
196.0,489.0
195.0,491.0
196.0,490.0
195.0,490.0
195.0,491.0
194.0,489.0
195.0,489.0
194.0,491.0
193.0,492.0
194.0,491.0
195.0,491.0
195.0,490.0
194.0,491.0
193.0,490.0
194.0,490.0
193.0,490.0
196.0,490.0
197.0,490.0
195.0,490.0
196.0,489.0
194.0,490.0
196.0,490.0
197.0,491.0
195.0,490.0
196.0,491.0
195.0,491.0
194.0,488.0
196.0,490.0
193.0,488.0
196.0,490.0
195.0,491.0
195.0,490.0
195.0,490.0
196.0,490.0
195.0,491.0
195.0,491.0
196.0,490.0
195.0,490.0
197.0,491.0
195.0,490.0
196.0,490.0
196.0,491.0
195.0,490.0
195.0,490.0
194.0,490.0
194.0,490.0
194.0,490.0
195.0,490.0
194.0,490.0
196.0,490.0
193.0,490.0
196.0,490.0
196.0,490.0
196.0,491.0
198.0,491.0
194.0,491.0
196.0,490.0
197.0,491.0
194.0,490.0
196.0,490.0
194.0,489.0
195.0,490.0
196.0,490.0
195.0,490.0
195.0,491.0
195.0,490.0
195.0,490.0
195.0,491.0
195.0,490.0
195.0,491.0
195.0,491.0
195.0,490.0
194.0,490.0
195.0,490.0
196.0,489.0
195.0,490.0
195.0,490.0
196.0,490.0
195.0,490.0
194.0,490.0
194.0,490.0
193.0,490.0
194.0,490.0
194.0,487.0
194.0,490.0
195.0,491.0
195.0,490.0
195.0,490.0
195.0,491.0
196.0,491.0
195.0,489.0
195.0,490.0
195.0,491.0
195.0,491.0
196.0,491.0
193.0,491.0
195.0,489.0
195.0,490.0
195.0,490.0
196.0,491.0
197.0,488.0
195.0,491.0
195.0,490.0
197.0,490.0
196.0,490.0
194.0,490.0
196.0,490.0
195.0,490.0
195.0,490.0
195.0,491.0
195.0,490.0
195.0,491.0
196.0,489.0
196.0,488.0
194.0,491.0
195.0,490.0
194.0,492.0
195.0,490.0
194.0,491.0
195.0,491.0
194.0,490.0
195.0,490.0
194.0,490.0
195.0,489.0
196.0,490.0
195.0,490.0
196.0,490.0
194.0,489.0
196.0,490.0
194.0,491.0
196.0,491.0
195.0,490.0
196.0,490.0
194.0,490.0
195.0,490.0
195.0,490.0
196.0,491.0
195.0,490.0
195.0,491.0
195.0,490.0
196.0,490.0
195.0,488.0
195.0,490.0
195.0,489.0
194.0,491.0
195.0,490.0
195.0,491.0
195.0,490.0
195.0,490.0
195.0,491.0
196.0,490.0
194.0,491.0
194.0,490.0
194.0,490.0
196.0,490.0
195.0,490.0
194.0,490.0
197.0,491.0
195.0,491.0
195.0,491.0
196.0,491.0
196.0,489.0
195.0,491.0
195.0,490.0
196.0,490.0
196.0,490.0
193.0,489.0
195.0,490.0
195.0,489.0
194.0,491.0
195.0,491.0
195.0,491.0
195.0,491.0
195.0,490.0
196.0,489.0
194.0,491.0
194.0,490.0
194.0,492.0
195.0,489.0
194.0,490.0
195.0,490.0
195.0,491.0
194.0,491.0
195.0,491.0
195.0,491.0
195.0,490.0
194.0,491.0
194.0,490.0
193.0,490.0
194.0,490.0
195.0,490.0
195.0,491.0
195.0,490.0
195.0,490.0
195.0,489.0
195.0,491.0
194.0,490.0
195.0,490.0
194.0,491.0
196.0,490.0
196.0,491.0
195.0,490.0
193.0,490.0
195.0,490.0
197.0,489.0
195.0,491.0
196.0,489.0
196.0,490.0
196.0,492.0
195.0,490.0
196.0,492.0
195.0,491.0
195.0,490.0
194.0,490.0
196.0,490.0
194.0,490.0
196.0,491.0
193.0,490.0
193.0,492.0
196.0,490.0
,
442.0,790.0
441.0,790.0
439.0,789.0
442.0,790.0
441.0,790.0
442.0,791.0
443.0,790.0
442.0,791.0
441.0,791.0
442.0,792.0
441.0,792.0
441.0,792.0
442.0,792.0
441.0,792.0
440.0,792.0
442.0,792.0
441.0,793.0
441.0,791.0
442.0,793.0
441.0,793.0
443.0,793.0
442.0,792.0
442.0,793.0
442.0,793.0
442.0,793.0
442.0,793.0
443.0,794.0
442.0,794.0
442.0,794.0
442.0,794.0
443.0,794.0
444.0,794.0
443.0,794.0
441.0,794.0
441.0,795.0
443.0,794.0
443.0,795.0
442.0,794.0
443.0,795.0
442.0,795.0
443.0,795.0
443.0,796.0
445.0,796.0
442.0,796.0
443.0,797.0
443.0,795.0
444.0,796.0
443.0,796.0
442.0,797.0
444.0,797.0
441.0,797.0
442.0,796.0
444.0,798.0
444.0,797.0
444.0,797.0
444.0,799.0
444.0,797.0
445.0,798.0
446.0,799.0
443.0,799.0
445.0,799.0
446.0,800.0
446.0,800.0
446.0,800.0
445.0,799.0
446.0,800.0
447.0,800.0
448.0,801.0
446.0,801.0
447.0,801.0
447.0,803.0
445.0,804.0
446.0,803.0
449.0,803.0
448.0,803.0
447.0,804.0
445.0,804.0
447.0,806.0
445.0,806.0
448.0,805.0
444.0,806.0
448.0,805.0
448.0,805.0
446.0,806.0
448.0,805.0
449.0,806.0
446.0,806.0
447.0,805.0
450.0,807.0
449.0,806.0
449.0,806.0
450.0,806.0
448.0,806.0
448.0,807.0
448.0,807.0
449.0,807.0
448.0,806.0
449.0,806.0
449.0,807.0
449.0,808.0
451.0,807.0
451.0,808.0
450.0,808.0
447.0,807.0
450.0,807.0
445.0,809.0
450.0,808.0
449.0,808.0
449.0,808.0
451.0,808.0
451.0,808.0
450.0,808.0
450.0,808.0
450.0,808.0
450.0,808.0
450.0,808.0
450.0,810.0
451.0,807.0
451.0,809.0
451.0,809.0
450.0,809.0
451.0,809.0
453.0,808.0
451.0,809.0
451.0,809.0
450.0,809.0
450.0,809.0
450.0,809.0
450.0,809.0
452.0,809.0
451.0,809.0
451.0,809.0
451.0,808.0
449.0,808.0
451.0,809.0
452.0,809.0
449.0,810.0
451.0,809.0
450.0,809.0
451.0,808.0
452.0,808.0
452.0,809.0
451.0,809.0
451.0,809.0
452.0,809.0
450.0,809.0
450.0,809.0
450.0,809.0
450.0,809.0
450.0,809.0
451.0,810.0
452.0,809.0
452.0,809.0
450.0,809.0
450.0,809.0
451.0,808.0
451.0,809.0
451.0,809.0
451.0,809.0
450.0,809.0
451.0,809.0
452.0,809.0
450.0,808.0
452.0,809.0
451.0,808.0
450.0,809.0
450.0,809.0
451.0,807.0
450.0,809.0
450.0,809.0
450.0,808.0
452.0,809.0
452.0,809.0
452.0,810.0
450.0,809.0
451.0,809.0
449.0,808.0
450.0,809.0
452.0,810.0
451.0,808.0
449.0,808.0
450.0,807.0
450.0,809.0
450.0,809.0
449.0,808.0
450.0,809.0
451.0,809.0
450.0,809.0
450.0,808.0
449.0,808.0
451.0,809.0
452.0,809.0
451.0,808.0
452.0,808.0
448.0,809.0
451.0,809.0
451.0,808.0
450.0,808.0
449.0,810.0
451.0,809.0
452.0,809.0
450.0,808.0
450.0,809.0
451.0,808.0
450.0,808.0
451.0,809.0
450.0,809.0
452.0,808.0
450.0,809.0
450.0,808.0
450.0,809.0
449.0,808.0
450.0,808.0
451.0,808.0
450.0,808.0
451.0,809.0
450.0,808.0
450.0,809.0
450.0,808.0
451.0,809.0
448.0,808.0
450.0,810.0
448.0,808.0
451.0,809.0
451.0,808.0
452.0,809.0
449.0,808.0
452.0,809.0
450.0,808.0
451.0,808.0
451.0,809.0
450.0,809.0
452.0,808.0
451.0,808.0
450.0,807.0
450.0,809.0
448.0,808.0
450.0,809.0
452.0,807.0
448.0,808.0
449.0,808.0
450.0,810.0
451.0,808.0
449.0,808.0
450.0,808.0
450.0,808.0
452.0,809.0
450.0,808.0
450.0,808.0
451.0,808.0
450.0,808.0
450.0,809.0
450.0,808.0
452.0,809.0
452.0,808.0
450.0,809.0
450.0,807.0
452.0,809.0
450.0,808.0
449.0,808.0
451.0,809.0
450.0,808.0
449.0,808.0
450.0,808.0
451.0,808.0
450.0,808.0
451.0,808.0
448.0,809.0
449.0,809.0
451.0,809.0
449.0,809.0
451.0,810.0
449.0,809.0
452.0,808.0
451.0,807.0
450.0,809.0
450.0,809.0
450.0,808.0
451.0,808.0
451.0,809.0
450.0,809.0
452.0,808.0
450.0,809.0
452.0,809.0
451.0,809.0
449.0,808.0
450.0,808.0
451.0,808.0
450.0,808.0
453.0,808.0
451.0,808.0
450.0,809.0
449.0,808.0
450.0,809.0
450.0,808.0
450.0,809.0
451.0,809.0
450.0,808.0
450.0,808.0
450.0,809.0
451.0,809.0
453.0,809.0
450.0,809.0
451.0,808.0
450.0,809.0
450.0,808.0
451.0,808.0
451.0,808.0
451.0,810.0
450.0,808.0
451.0,808.0
450.0,808.0
452.0,808.0
451.0,808.0
451.0,809.0
451.0,809.0
449.0,809.0
450.0,808.0
450.0,809.0
449.0,808.0
449.0,808.0
450.0,808.0
450.0,809.0
449.0,808.0
451.0,809.0
449.0,807.0
451.0,808.0
451.0,808.0
453.0,808.0
449.0,808.0
450.0,809.0
451.0,808.0
451.0,809.0
451.0,807.0
450.0,809.0
450.0,808.0
451.0,809.0
450.0,808.0
451.0,809.0
452.0,808.0
450.0,808.0
451.0,808.0
451.0,808.0
451.0,808.0
449.0,809.0
453.0,807.0
452.0,809.0
451.0,808.0
450.0,808.0
450.0,808.0
450.0,808.0
450.0,808.0
452.0,808.0
451.0,807.0
450.0,809.0
451.0,808.0
450.0,809.0
450.0,809.0
450.0,808.0
451.0,808.0
451.0,808.0
450.0,808.0
451.0,809.0
450.0,808.0
449.0,809.0
449.0,808.0
451.0,808.0
451.0,809.0
450.0,808.0
451.0,809.0
449.0,808.0
450.0,809.0
452.0,807.0
450.0,807.0
451.0,808.0
453.0,809.0
451.0,808.0
449.0,810.0
451.0,809.0
451.0,809.0
449.0,808.0
448.0,808.0
450.0,809.0
448.0,808.0
452.0,808.0
450.0,809.0
451.0,808.0
451.0,808.0
448.0,808.0
450.0,808.0
451.0,808.0
451.0,808.0
451.0,809.0
448.0,808.0
448.0,808.0
449.0,809.0
450.0,808.0
450.0,807.0
451.0,808.0
448.0,808.0
450.0,809.0
449.0,808.0
449.0,809.0
451.0,808.0
448.0,809.0
451.0,807.0
450.0,808.0
450.0,808.0
451.0,808.0
450.0,808.0
451.0,808.0
450.0,808.0
449.0,808.0
450.0,808.0
451.0,807.0
451.0,809.0
450.0,808.0
451.0,808.0
451.0,808.0
452.0,808.0
452.0,808.0
451.0,808.0
451.0,808.0
448.0,809.0
452.0,808.0
449.0,808.0
451.0,808.0
451.0,808.0
450.0,808.0
451.0,809.0
448.0,808.0
450.0,808.0
450.0,808.0
450.0,809.0
451.0,808.0
451.0,808.0
453.0,808447.0
291.0,458.0
291.0,458.0
290.0,460.0
289.0,459.0
289.0,458.0
290.0,459.0
291.0,460.0
290.0,460.0
287.0,459.0
291.0,459.0
291.0,459.0
291.0,459.0
290.0,459.0
290.0,460.0
291.0,460.0
290.0,460.0
291.0,458.0
290.0,459.0
291.0,460.0
290.0,461.0
290.0,459.0
290.0,461.0
291.0,461.0
291.0,461.0
290.0,461.0
291.0,460.0
291.0,460.0
292.0,460.0
291.0,460.0
293.0,461.0
289.0,461.0
292.0,460.0
288.0,462.0
291.0,461.0
289.0,462.0
291.0,463.0
292.0,462.0
292.0,461.0
291.0,462.0
293.0,463.0
292.0,462.0
292.0,463.0
291.0,462.0
292.0,462.0
293.0,463.0
291.0,463.0
292.0,462.0
292.0,463.0
291.0,460.0
294.0,462.0
292.0,463.0
292.0,464.0
292.0,464.0
293.0,464.0
292.0,464.0
292.0,463.0
291.0,464.0
293.0,464.0
292.0,464.0
293.0,463.0
292.0,463.0
292.0,464.0
295.0,465.0
293.0,463.0
292.0,465.0
293.0,465.0
293.0,464.0
293.0,465.0
293.0,465.0
293.0,466.0
293.0,465.0
294.0,465.0
295.0,466.0
294.0,465.0
294.0,463.0
293.0,465.0
294.0,464.0
292.0,464.0
292.0,467.0
293.0,466.0
294.0,464.0
294.0,467.0
293.0,466.0
294.0,467.0
292.0,466.0
294.0,466.0
292.0,466.0
295.0,466.0
293.0,465.0
294.0,466.0
294.0,466.0
294.0,465.0
294.0,466.0
295.0,465.0
293.0,465.0
294.0,467.0
294.0,466.0
293.0,465.0
294.0,467.0
294.0,466.0
295.0,465.0
295.0,466.0
294.0,466.0
294.0,467.0
294.0,467.0
294.0,465.0
293.0,467.0
294.0,467.0
297.0,467.0
294.0,466.0
294.0,466.0
294.0,468.0
295.0,467.0
293.0,467.0
293.0,467.0
294.0,467.0
294.0,467.0
294.0,467.0
294.0,468.0
295.0,468.0
294.0,468.0
291.0,468.0
294.0,467.0
292.0,470.0
294.0,468.0
293.0,467.0
294.0,468.0
295.0,468.0
293.0,469.0
293.0,469.0
295.0,467.0
295.0,467.0
295.0,469.0
294.0,468.0
293.0,469.0
293.0,468.0
293.0,470.0
296.0,469.0
295.0,469.0
293.0,469.0
294.0,469.0
294.0,470.0
294.0,469.0
296.0,469.0
295.0,470.0
295.0,469.0
294.0,470.0
294.0,470.0
295.0,469.0
295.0,471.0
295.0,468.0
295.0,469.0
295.0,469.0
294.0,470.0
296.0,472.0
294.0,470.0
294.0,470.0
295.0,471.0
295.0,471.0
294.0,471.0
294.0,470.0
297.0,471.0
294.0,470.0
294.0,471.0
295.0,472.0
295.0,472.0
294.0,470.0
293.0,470.0
294.0,470.0
296.0,471.0
295.0,471.0
294.0,471.0
295.0,470.0
293.0,471.0
295.0,471.0
294.0,472.0
296.0,471.0
295.0,471.0
296.0,471.0
295.0,471.0
292.0,472.0
297.0,472.0
297.0,471.0
298.0,472.0
297.0,472.0
296.0,472.0
296.0,472.0
296.0,472.0
296.0,472.0
297.0,471.0
296.0,471.0
293.0,471.0
296.0,472.0
295.0,472.0
297.0,471.0
295.0,474.0
294.0,473.0
296.0,472.0
296.0,473.0
295.0,472.0
296.0,472.0
296.0,473.0
295.0,473.0
297.0,472.0
296.0,473.0
296.0,474.0
295.0,474.0
297.0,473.0
296.0,474.0
297.0,474.0
297.0,474.0
296.0,473.0
297.0,474.0
297.0,474.0
295.0,475.0
294.0,474.0
297.0,475.0
298.0,474.0
297.0,474.0
297.0,474.0
297.0,474.0
296.0,475.0
297.0,475.0
298.0,474.0
295.0,474.0
298.0,474.0
297.0,474.0
297.0,475.0
298.0,473.0
297.0,475.0
296.0,475.0
295.0,475.0
299.0,475.0
297.0,475.0
296.0,475.0
298.0,476.0
297.0,475.0
297.0,475.0
297.0,474.0
297.0,476.0
297.0,476.0
298.0,476.0
298.0,477.0
296.0,475.0
296.0,476.0
297.0,476.0
297.0,476.0
297.0,476.0
298.0,476.0
297.0,477.0
297.0,475.0
297.0,477.0
297.0,477.0
297.0,477.0
298.0,477.0
298.0,475.0
298.0,476.0
299.0,478.0
295.0,478.0
299.0,478.0
298.0,478.0
300.0,478.0
298.0,478.0
299.0,476.0
300.0,479.0
298.0,479.0
298.0,478.0
299.0,479.0
298.0,477.0
297.0,477.0
297.0,479.0
297.0,479.0
298.0,479.0
298.0,479.0
298.0,480.0
298.0,480.0
299.0,479.0
299.0,480.0
298.0,480.0
298.0,479.0
300.0,480.0
299.0,478.0
297.0,480.0
296.0,479.0
300.0,480.0
297.0,480.0
301.0,479.0
299.0,480.0
300.0,480.0
298.0,480.0
300.0,482.0
299.0,482.0
300.0,482.0
299.0,481.0
300.0,481.0
299.0,481.0
299.0,482.0
299.0,482.0
302.0,482.0
300.0,480.0
299.0,481.0
301.0,482.0
299.0,482.0
300.0,482.0
300.0,481.0
300.0,481.0
299.0,483.0
301.0,482.0
300.0,483.0
300.0,483.0
301.0,482.0
300.0,482.0
301.0,482.0
301.0,482.0
300.0,483.0
300.0,483.0
299.0,484.0
301.0,481.0
303.0,483.0
300.0,483.0
301.0,483.0
302.0,484.0
301.0,483.0
301.0,485.0
302.0,484.0
301.0,485.0
300.0,484.0
302.0,484.0
304.0,485.0
303.0,485.0
299.0,485.0
302.0,485.0
301.0,485.0
303.0,485.0
303.0,485.0
302.0,485.0
301.0,484.0
303.0,485.0
304.0,485.0
302.0,484.0
302.0,485.0
301.0,484.0
302.0,485.0
303.0,486.0
302.0,485.0
302.0,485.0
303.0,485.0
302.0,486.0
302.0,485.0
298.0,485.0
302.0,485.0
302.0,486.0
303.0,486.0
303.0,486.0
303.0,486.0
302.0,487.0
303.0,486.0
302.0,486.0
304.0,487.0
304.0,488.0
304.0,487.0
304.0,486.0
303.0,488.0
302.0,487.0
301.0,487.0
303.0,488.0
302.0,487.0
303.0,487.0
304.0,489.0
303.0,488.0
304.0,488.0
302.0,488.0
303.0,488.0
304.0,489.0
301.0,488.0
303.0,490.0
301.0,490.0
305.0,490.0
305.0,489.0
303.0,489.0
305.0,489.0
304.0,490.0
304.0,489.0
305.0,489.0
304.0,489.0
304.0,490.0
304.0,490.0
303.0,489.0
305.0,490.0
303.0,490.0
306.0,491.0
305.0,490.0
303.0,490.0
305.0,487.0
306.0,489.0
304.0,491.0
305.0,491.0
305.0,491.0
307.0,491.0
305.0,491.0
305.0,492.0
305.0,492.0
304.0,492.0
306.0,491.0
305.0,492.0
305.0,493.0
303.0,492.0
305.0,492.0
307.0,491.0
305.0,492.0
306.0,492.0
308.0,492.0
304.0,493.0
306.0,493.0
308.0,494.0
307.0,494.0
307.0,494.0
307.0,494.0
307.0,494.0
308.0,494.0
309.0,493.0
308.0,493.0
308.0,494.0
308.0,496.0
308.0,493.0
308.0,493.0
307.0,495.0
308.0,495.0
307.0,495.0
308.0,493.0
307.0,495.0
307.0,495.0
309.0,495.0
310.0,496.0
307.0,495.0
308.0,496.0
308.0,496.0
,
241.0,378.0
242.0,379.0
242.0,379.0
242.0,380.0
242.0,379.0
242.0,379.0
242.0,379.0
242.0,380.0
243.0,380.0
239.0,380.0
243.0,379.0
242.0,379.0
242.0,379.0
242.0,378.0
242.0,380.0
242.0,379.0
242.0,380.0
241.0,380.0
242.0,379.0
241.0,379.0
242.0,379.0
242.0,379.0
243.0,379.0
241.0,379.0
241.0,380.0
241.0,380.0
241.0,380.0
242.0,380.0
243.0,380.0
244.0,381.0
241.0,379.0
243.0,379.0
242.0,379.0
242.0,379.0
242.0,380.0
241.0,378.0
242.0,380.0
242.0,378.0
242.0,379.0
243.0,379.0
240.0,379.0
240.0,381.0
242.0,380.0
241.0,379.0
242.0,379.0
243.0,378.0
243.0,379.0
242.0,379.0
243.0,379.0
243.0,380.0
241.0,378.0
242.0,380.0
242.0,380.0
243.0,380.0
241.0,380.0
243.0,380.0
242.0,380.0
241.0,380.0
242.0,380.0
240.0,380.0
243.0,378.0
242.0,379.0
243.0,379.0
241.0,379.0
241.0,379.0
243.0,379.0
242.0,379.0
241.0,380.0
242.0,380.0
242.0,379.0
243.0,378.0
241.0,379.0
242.0,379.0
244.0,380.0
241.0,380.0
241.0,380.0
243.0,379.0
242.0,380.0
242.0,380.0
241.0,380.0
242.0,380.0
242.0,380.0
243.0,380.0
242.0,380.0
243.0,380.0
241.0,379.0
242.0,379.0
240.0,379.0
242.0,378.0
243.0,379.0
242.0,379.0
241.0,377.0
241.0,378.0
242.0,380.0
241.0,379.0
241.0,380.0
241.0,379.0
242.0,379.0
240.0,380.0
241.0,379.0
241.0,380.0
240.0,379.0
240.0,379.0
242.0,379.0
241.0,380.0
242.0,379.0
242.0,379.0
242.0,379.0
243.0,380.0
241.0,379.0
241.0,379.0
242.0,379.0
243.0,379.0
242.0,379.0
242.0,379.0
242.0,379.0
240.0,379.0
243.0,379.0
241.0,379.0
242.0,380.0
241.0,380.0
241.0,379.0
242.0,380.0
241.0,379.0
242.0,380.0
242.0,380.0
243.0,379.0
241.0,379.0
242.0,380.0
242.0,380.0
242.0,378.0
242.0,379.0
241.0,379.0
243.0,379.0
242.0,380.0
242.0,379.0
243.0,378.0
243.0,379.0
243.0,378.0
243.0,380.0
242.0,379.0
242.0,379.0
242.0,379.0
242.0,380.0
243.0,380.0
243.0,378.0
242.0,380.0
243.0,379.0
243.0,379.0
244.0,379.0
241.0,380.0
242.0,379.0
241.0,379.0
243.0,380.0
241.0,379.0
242.0,380.0
241.0,379.0
243.0,379.0
243.0,379.0
242.0,378.0
242.0,378.0
240.0,379.0
241.0,380.0
242.0,377.0
244.0,378.0
243.0,379.0
242.0,379.0
242.0,379.0
241.0,379.0
243.0,379.0
242.0,380.0
241.0,378.0
242.0,379.0
242.0,380.0
243.0,380.0
242.0,379.0
241.0,379.0
242.0,379.0
241.0,379.0
243.0,379.0
240.0,379.0
242.0,379.0
242.0,379.0
243.0,379.0
241.0,379.0
241.0,379.0
242.0,379.0
243.0,379.0
242.0,379.0
242.0,379.0
240.0,380.0
243.0,379.0
243.0,379.0
242.0,379.0
239.0,380.0
242.0,380.0
240.0,379.0
241.0,380.0
242.0,379.0
241.0,378.0
243.0,377.0
241.0,378.0
243.0,379.0
241.0,380.0
242.0,379.0
242.0,378.0
242.0,380.0
242.0,379.0
242.0,380.0
241.0,380.0
242.0,379.0
241.0,380.0
241.0,379.0
240.0,379.0
243.0,379.0
242.0,379.0
242.0,380.0
239.0,379.0
241.0,378.0
241.0,381.0
242.0,379.0
240.0,380.0
242.0,380.0
242.0,378.0
243.0,379.0
241.0,378.0
241.0,379.0
242.0,379.0
242.0,379.0
242.0,380.0
242.0,380.0
241.0,379.0
242.0,379.0
242.0,379.0
242.0,380.0
243.0,379.0
243.0,379.0
242.0,379.0
242.0,379.0
242.0,379.0
242.0,380.0
242.0,379.0
242.0,380.0
242.0,380.0
242.0,379.0
242.0,379.0
242.0,379.0
241.0,379.0
242.0,380.0
239.0,379.0
241.0,380.0
241.0,379.0
242.0,379.0
241.0,379.0
242.0,379.0
242.0,379.0
242.0,379.0
241.0,379.0
242.0,379.0
242.0,379.0
242.0,379.0
242.0,380.0
241.0,378.0
243.0,380.0
239.0,379.0
242.0,380.0
242.0,379.0
241.0,380.0
240.0,379.0
241.0,379.0
240.0,379.0
241.0,379.0
241.0,379.0
240.0,379.0
242.0,380.0
242.0,380.0
243.0,380.0
242.0,379.0
241.0,379.0
242.0,379.0
242.0,381.0
241.0,379.0
242.0,380.0
242.0,379.0
242.0,379.0
242.0,379.0
242.0,380.0
242.0,380.0
242.0,379.0
242.0,379.0
241.0,380.0
242.0,380.0
242.0,380.0
241.0,379.0
242.0,380.0
240.0,379.0
242.0,380.0
243.0,380.0
239.0,379.0
243.0,379.0
242.0,380.0
242.0,379.0
242.0,380.0
241.0,380.0
240.0,379.0
242.0,379.0
242.0,380.0
240.0,379.0
239.0,379.0
242.0,379.0
241.0,380.0
243.0,380.0
241.0,378.0
242.0,380.0
242.0,379.0
242.0,379.0
243.0,379.0
242.0,377.0
242.0,380.0
242.0,380.0
241.0,379.0
243.0,379.0
242.0,380.0
241.0,379.0
242.0,380.0
243.0,380.0
243.0,379.0
242.0,380.0
243.0,379.0
243.0,379.0
242.0,380.0
242.0,379.0
242.0,380.0
242.0,380.0
243.0,381.0
242.0,380.0
242.0,379.0
243.0,380.0
241.0,380.0
243.0,380.0
241.0,379.0
243.0,380.0
243.0,380.0
244.0,381.0
242.0,380.0
242.0,379.0
241.0,380.0
242.0,380.0
242.0,380.0
243.0,381.0
243.0,381.0
245.0,380.0
243.0,380.0
243.0,378.0
242.0,380.0
244.0,379.0
243.0,381.0
244.0,380.0
242.0,380.0
246.0,379.0
244.0,380.0
244.0,381.0
242.0,381.0
244.0,381.0
242.0,382.0
243.0,380.0
245.0,381.0
244.0,381.0
242.0,382.0
243.0,380.0
243.0,380.0
243.0,381.0
243.0,381.0
243.0,380.0
243.0,382.0
243.0,381.0
242.0,382.0
242.0,381.0
243.0,381.0
243.0,382.0
244.0,382.0
243.0,382.0
243.0,383.0
243.0,382.0
244.0,381.0
243.0,382.0
242.0,380.0
244.0,383.0
245.0,382.0
244.0,382.0
244.0,383.0
244.0,382.0
243.0,383.0
244.0,383.0
243.0,382.0
244.0,382.0
243.0,382.0
243.0,383.0
244.0,382.0
243.0,383.0
244.0,382.0
244.0,382.0
246.0,383.0
243.0,383.0
243.0,383.0
245.0,384.0
243.0,382.0
243.0,383.0
241.0,384.0
244.0,384.0
244.0,382.0
244.0,384.0
244.0,383.0
246.0,382.0
244.0,382.0
244.0,382.0
244.0,383.0
244.0,383.0
242.0,383.0
244.0,383.0
243.0,384.0
244.0,383.0
246.0,384.0
245.0,385.0
244.0,384.0
246.0,384.0
245.0,384.0
245.0,385.0
245.0,385.0
244.0,384.0
242.0,384.0
244.0,383.0
246.0,382.0
245.0,384.0
243.0,384.0
244.0,384.0
,
458.0,288.0
456.0,288.0
458.0,287.0
457.0,287.0
458.0,287.0
458.0,287.0
457.0,286.0
456.0,286.0
458.0,286.0
456.0,287.0
456.0,287.0
455.0,287.0
456.0,286.0
456.0,285.0
456.0,285.0
456.0,286.0
456.0,284.0
456.0,285.0
454.0,285.0
456.0,285.0
456.0,285.0
455.0,286.0
455.0,285.0
455.0,286.0
454.0,283.0
453.0,285.0
454.0,284.0
455.0,284.0
455.0,285.0
453.0,286.0
454.0,285.0
453.0,282.0
454.0,286.0
453.0,283.0
453.0,284.0
454.0,282.0
453.0,284.0
453.0,283.0
452.0,283.0
453.0,285.0
452.0,284.0
452.0,284.0
452.0,285.0
452.0,283.0
452.0,284.0
452.0,282.0
452.0,285.0
453.0,283.0
452.0,283.0
451.0,281.0
452.0,281.0
452.0,283.0
451.0,284.0
451.0,285.0
450.0,281.0
451.0,281.0
451.0,283.0
451.0,284.0
451.0,283.0
451.0,283.0
450.0,281.0
450.0,283.0
450.0,281.0
449.0,281.0
450.0,282.0
450.0,282.0
449.0,281.0
450.0,282.0
450.0,282.0
450.0,279.0
451.0,280.0
450.0,280.0
449.0,279.0
450.0,281.0
450.0,281.0
449.0,281.0
449.0,280.0
449.0,282.0
447.0,282.0
448.0,280.0
448.0,281.0
449.0,281.0
448.0,282.0
448.0,280.0
447.0,281.0
449.0,280.0
448.0,281.0
447.0,280.0
447.0,280.0
447.0,281.0
446.0,281.0
448.0,281.0
447.0,280.0
446.0,280.0
446.0,279.0
446.0,280.0
446.0,279.0
446.0,280.0
446.0,278.0
444.0,280.0
443.0,279.0
444.0,279.0
445.0,277.0
445.0,280.0
445.0,280.0
445.0,281.0
444.0,279.0
445.0,280.0
444.0,278.0
444.0,278.0
443.0,279.0
444.0,279.0
444.0,280.0
444.0,279.0
443.0,278.0
444.0,275.0
443.0,278.0
445.0,278.0
444.0,279.0
444.0,279.0
444.0,279.0
444.0,276.0
443.0,278.0
443.0,278.0
444.0,277.0
443.0,278.0
443.0,278.0
443.0,277.0
440.0,277.0
441.0,279.0
443.0,279.0
441.0,277.0
441.0,279.0
442.0,279.0
442.0,279.0
442.0,278.0
442.0,277.0
441.0,277.0
442.0,278.0
442.0,277.0
440.0,278.0
442.0,277.0
441.0,277.0
442.0,277.0
441.0,276.0
441.0,277.0
441.0,276.0
441.0,277.0
440.0,279.0
439.0,276.0
440.0,277.0
440.0,277.0
439.0,278.0
440.0,276.0
440.0,276.0
440.0,279.0
439.0,276.0
441.0,278.0
439.0,277.0
440.0,279.0
440.0,274.0
440.0,278.0
441.0,278.0
440.0,278.0
439.0,278.0
439.0,276.0
439.0,276.0
439.0,276.0
440.0,277.0
441.0,276.0
439.0,277.0
439.0,274.0
439.0,277.0
439.0,277.0
438.0,276.0
439.0,278.0
438.0,275.0
438.0,276.0
439.0,277.0
438.0,276.0
437.0,276.0
437.0,276.0
438.0,277.0
437.0,275.0
438.0,277.0
437.0,275.0
436.0,275.0
437.0,273.0
437.0,275.0
436.0,275.0
434.0,274.0
435.0,275.0
435.0,275.0
436.0,275.0
436.0,275.0
435.0,273.0
436.0,275.0
435.0,276.0
435.0,274.0
435.0,274.0
435.0,275.0
436.0,272.0
435.0,275.0
436.0,273.0
436.0,275.0
434.0,272.0
435.0,274.0
433.0,273.0
434.0,275.0
434.0,274.0
433.0,275.0
433.0,275.0
433.0,274.0
434.0,274.0
433.0,273.0
433.0,274.0
432.0,274.0
433.0,271.0
433.0,274.0
431.0,275.0
430.0,275.0
433.0,273.0
432.0,275.0
432.0,275.0
432.0,275.0
432.0,273.0
432.0,273.0
431.0,274.0
431.0,271.0
431.0,274.0
432.0,273.0
430.0,275.0
431.0,273.0
431.0,273.0
430.0,273.0
430.0,272.0
429.0,273.0
431.0,272.0
429.0,272.0
428.0,273.0
429.0,273.0
429.0,273.0
429.0,274.0
429.0,273.0
429.0,274.0
429.0,272.0
427.0,273.0
428.0,273.0
428.0,273.0
428.0,273.0
428.0,273.0
428.0,273.0
428.0,273.0
427.0,273.0
427.0,273.0
428.0,272.0
427.0,273.0
428.0,272.0
427.0,271.0
428.0,271.0
427.0,273.0
427.0,273.0
427.0,273.0
427.0,273.0
427.0,272.0
427.0,275.0
426.0,272.0
426.0,272.0
426.0,271.0
424.0,272.0
425.0,272.0
425.0,271.0
426.0,272.0
425.0,272.0
426.0,271.0
425.0,272.0
426.0,273.0
426.0,271.0
425.0,271.0
424.0,271.0
425.0,270.0
424.0,270.0
426.0,272.0
426.0,271.0
425.0,270.0
425.0,270.0
424.0,268.0
424.0,270.0
423.0,271.0
424.0,272.0
423.0,272.0
424.0,271.0
424.0,272.0
422.0,269.0
423.0,271.0
422.0,271.0
421.0,270.0
422.0,269.0
422.0,269.0
422.0,270.0
421.0,271.0
422.0,269.0
421.0,269.0
421.0,269.0
422.0,269.0
421.0,270.0
422.0,269.0
422.0,269.0
422.0,271.0
420.0,270.0
422.0,269.0
422.0,269.0
420.0,268.0
420.0,268.0
420.0,269.0
421.0,269.0
420.0,269.0
421.0,269.0
419.0,268.0
420.0,268.0
419.0,268.0
420.0,270.0
420.0,269.0
420.0,268.0
419.0,269.0
418.0,269.0
419.0,268.0
418.0,268.0
418.0,268.0
419.0,267.0
419.0,270.0
418.0,269.0
418.0,269.0
418.0,268.0
418.0,268.0
419.0,268.0
417.0,268.0
419.0,269.0
418.0,266.0
417.0,268.0
418.0,267.0
418.0,268.0
416.0,269.0
416.0,269.0
417.0,269.0
416.0,266.0
416.0,267.0
417.0,267.0
416.0,267.0
416.0,267.0
416.0,266.0
415.0,265.0
416.0,266.0
414.0,268.0
414.0,267.0
414.0,266.0
414.0,268.0
416.0,266.0
416.0,267.0
415.0,268.0
414.0,266.0
415.0,266.0
414.0,268.0
414.0,266.0
414.0,265.0
414.0,265.0
415.0,266.0
413.0,267.0
413.0,265.0
412.0,266.0
414.0,267.0
413.0,266.0
413.0,264.0
413.0,265.0
412.0,266.0
412.0,265.0
412.0,265.0
412.0,264.0
411.0,265.0
410.0,265.0
412.0,265.0
412.0,265.0
410.0,267.0
410.0,264.0
411.0,266.0
411.0,263.0
410.0,265.0
410.0,263.0
408.0,264.0
409.0,266.0
408.0,264.0
409.0,265.0
409.0,265.0
408.0,265.0
408.0,265.0
408.0,265.0
408.0,263.0
408.0,264.0
407.0,262.0
408.0,266.0
406.0,264.0
408.0,262.0
408.0,264.0
408.0,264.0
407.0,264.0
407.0,265.0
407.0,264.0
407.0,263.0
407.0,264.0
407.0,262.0
406.0,263.0
407.0,263.0
408.0,263.0
407.0,262.0
406.0,264.0
407.0,260.0
407.0,263.0
406.0,263.0
406.0,262.0
405.0,262.0
405.0,264.0
405.0,262.0
405.0,263.0
405.0,263.0
405.0,261.0
404.0,263.0
404.0,263.0
403.0,262.0
403.0,262.0
401.0,262.0
401.0,263.0
404.0,262.0
405.0,262.0
403.0,263.0
403.0,262.0
402.0,261.0
403.0,261.0
403.0,261.0
403.0,260.0
402.0,260.0
401.0,258.0
402.0,260.0
401.0,259.0
401.0,260.0
401.0,260.0
400.0,260.0
400.0,261.0
401.0,260.0
399.0,260.0
400.0,258.0
400.0,259.0
398.0,259.0
398.0,260.0
399.0,259.0
399.0,257.0
399.0,259.0
398.0,259.0
398.0,688.0
527.0,731.0
526.0,731.0
526.0,731.0
527.0,731.0
525.0,732.0
526.0,731.0
526.0,732.0
526.0,732.0
527.0,732.0
527.0,732.0
528.0,731.0
526.0,732.0
526.0,732.0
527.0,732.0
528.0,732.0
526.0,733.0
525.0,732.0
526.0,732.0
526.0,732.0
526.0,733.0
525.0,733.0
526.0,733.0
526.0,732.0
526.0,732.0
527.0,731.0
526.0,732.0
527.0,733.0
526.0,733.0
527.0,732.0
526.0,732.0
526.0,732.0
527.0,732.0
526.0,732.0
525.0,732.0
527.0,732.0
527.0,731.0
527.0,732.0
527.0,733.0
526.0,733.0
527.0,732.0
527.0,732.0
526.0,732.0
529.0,733.0
524.0,732.0
525.0,733.0
524.0,732.0
527.0,733.0
526.0,732.0
527.0,731.0
527.0,733.0
526.0,733.0
526.0,733.0
525.0,733.0
527.0,732.0
526.0,734.0
527.0,732.0
527.0,732.0
525.0,732.0
526.0,732.0
526.0,733.0
526.0,733.0
526.0,733.0
527.0,733.0
526.0,732.0
525.0,731.0
527.0,732.0
526.0,732.0
527.0,733.0
527.0,731.0
525.0,732.0
526.0,733.0
525.0,732.0
525.0,731.0
528.0,733.0
527.0,733.0
527.0,732.0
525.0,731.0
527.0,731.0
527.0,732.0
526.0,732.0
526.0,732.0
526.0,732.0
525.0,732.0
527.0,732.0
526.0,732.0
526.0,732.0
525.0,732.0
527.0,732.0
524.0,732.0
526.0,732.0
526.0,731.0
526.0,732.0
526.0,732.0
526.0,733.0
526.0,732.0
528.0,732.0
526.0,732.0
527.0,731.0
527.0,732.0
526.0,733.0
527.0,732.0
527.0,732.0
525.0,733.0
526.0,732.0
526.0,732.0
526.0,732.0
527.0,732.0
526.0,732.0
525.0,733.0
526.0,733.0
526.0,732.0
528.0,732.0
527.0,732.0
527.0,732.0
527.0,732.0
526.0,732.0
527.0,732.0
528.0,732.0
528.0,732.0
525.0,732.0
525.0,732.0
526.0,731.0
526.0,731.0
526.0,733.0
526.0,732.0
526.0,732.0
527.0,731.0
527.0,732.0
525.0,733.0
522.0,732.0
527.0,732.0
526.0,732.0
527.0,732.0
526.0,732.0
524.0,733.0
527.0,732.0
526.0,732.0
526.0,732.0
526.0,733.0
527.0,732.0
527.0,732.0
526.0,732.0
526.0,732.0
527.0,733.0
526.0,732.0
527.0,732.0
526.0,733.0
528.0,732.0
527.0,732.0
528.0,733.0
526.0,732.0
528.0,732.0
528.0,731.0
526.0,733.0
526.0,731.0
527.0,733.0
526.0,733.0
528.0,734.0
524.0,732.0
527.0,733.0
525.0,732.0
527.0,732.0
525.0,733.0
526.0,732.0
526.0,733.0
525.0,731.0
526.0,732.0
527.0,731.0
526.0,732.0
527.0,732.0
527.0,733.0
528.0,732.0
526.0,733.0
527.0,731.0
524.0,732.0
525.0,733.0
527.0,733.0
526.0,731.0
527.0,731.0
527.0,731.0
525.0,732.0
525.0,732.0
527.0,732.0
526.0,732.0
527.0,732.0
527.0,733.0
526.0,732.0
526.0,732.0
527.0,733.0
526.0,733.0
527.0,732.0
526.0,732.0
528.0,732.0
525.0,732.0
525.0,732.0
526.0,732.0
526.0,732.0
527.0,732.0
526.0,732.0
526.0,732.0
526.0,732.0
525.0,733.0
527.0,733.0
527.0,730.0
527.0,731.0
526.0,732.0
528.0,732.0
528.0,732.0
529.0,732.0
527.0,732.0
526.0,732.0
527.0,732.0
526.0,732.0
523.0,732.0
524.0,733.0
528.0,732.0
528.0,732.0
526.0,732.0
526.0,732.0
527.0,732.0
527.0,732.0
527.0,733.0
526.0,732.0
527.0,732.0
527.0,731.0
526.0,732.0
526.0,732.0
526.0,732.0
525.0,732.0
526.0,733.0
526.0,732.0
525.0,732.0
525.0,732.0
526.0,732.0
529.0,732.0
526.0,733.0
525.0,733.0
526.0,732.0
526.0,731.0
526.0,732.0
526.0,732.0
526.0,732.0
526.0,732.0
527.0,732.0
526.0,732.0
526.0,732.0
526.0,732.0
527.0,732.0
527.0,733.0
528.0,732.0
526.0,733.0
526.0,733.0
528.0,733.0
527.0,732.0
527.0,733.0
527.0,732.0
526.0,733.0
527.0,732.0
527.0,733.0
526.0,732.0
527.0,733.0
526.0,732.0
525.0,733.0
527.0,732.0
525.0,732.0
526.0,732.0
527.0,732.0
525.0,732.0
527.0,733.0
527.0,731.0
526.0,732.0
526.0,732.0
527.0,731.0
525.0,731.0
526.0,732.0
525.0,733.0
526.0,732.0
527.0,733.0
527.0,732.0
526.0,732.0
528.0,731.0
526.0,732.0
528.0,732.0
527.0,732.0
526.0,732.0
526.0,732.0
527.0,731.0
527.0,731.0
526.0,731.0
526.0,732.0
526.0,731.0
527.0,732.0
528.0,731.0
527.0,731.0
526.0,732.0
527.0,733.0
526.0,732.0
525.0,732.0
527.0,732.0
526.0,732.0
526.0,732.0
527.0,732.0
527.0,732.0
527.0,731.0
525.0,732.0
526.0,732.0
526.0,732.0
526.0,733.0
527.0,732.0
527.0,732.0
527.0,732.0
526.0,732.0
526.0,732.0
527.0,731.0
527.0,733.0
526.0,732.0
528.0,732.0
526.0,733.0
526.0,732.0
526.0,732.0
526.0,731.0
527.0,731.0
526.0,732.0
527.0,732.0
527.0,731.0
526.0,732.0
526.0,732.0
527.0,733.0
525.0,732.0
528.0,733.0
526.0,731.0
525.0,732.0
526.0,732.0
527.0,731.0
526.0,732.0
525.0,732.0
526.0,733.0
526.0,732.0
527.0,732.0
527.0,732.0
525.0,732.0
526.0,732.0
527.0,733.0
529.0,732.0
527.0,732.0
527.0,732.0
525.0,733.0
525.0,733.0
526.0,732.0
526.0,732.0
526.0,733.0
527.0,732.0
526.0,732.0
525.0,732.0
526.0,732.0
526.0,731.0
525.0,732.0
526.0,732.0
526.0,732.0
525.0,733.0
527.0,732.0
526.0,732.0
527.0,732.0
525.0,732.0
526.0,732.0
526.0,733.0
527.0,732.0
525.0,733.0
527.0,732.0
527.0,733.0
526.0,733.0
523.0,733.0
527.0,732.0
526.0,732.0
527.0,732.0
525.0,732.0
526.0,731.0
526.0,732.0
526.0,732.0
527.0,732.0
526.0,732.0
526.0,732.0
527.0,733.0
525.0,731.0
526.0,731.0
525.0,732.0
526.0,732.0
525.0,731.0
527.0,732.0
528.0,732.0
526.0,732.0
526.0,732.0
528.0,732.0
525.0,731.0
527.0,732.0
528.0,732.0
526.0,732.0
527.0,731.0
527.0,732.0
528.0,732.0
526.0,732.0
527.0,731.0
527.0,733.0
527.0,732.0
527.0,732.0
526.0,732.0
526.0,730.0
526.0,732.0
526.0,733.0
527.0,732.0
526.0,732.0
527.0,732.0
527.0,732.0
527.0,732.0
525.0,732.0
528.0,732.0
526.0,732.0
525.0,732.0
527.0,731.0
528.0,733.0
526.0,733.0
528.0,731.0
527.0,732.0
526.0,732.0
526.0,731.0
528.0,732.0
526.0,733.0
527.0,732.0
528.0,732.0
526.0,733.0
527.0,733.0
529.0,732.0
526.0,732.0
527.0,733.0
527.0,732.0
528.0,732.0
527.0,732.0
,
569.0,475.0
567.0,475.0
570.0,473.0
569.0,473.0
570.0,474.0
569.0,477.0
568.0,476.0
568.0,476.0
570.0,476.0
569.0,475.0
570.0,475.0
570.0,477.0
569.0,477.0
570.0,478.0
571.0,477.0
570.0,479.0
571.0,478.0
569.0,478.0
571.0,477.0
571.0,477.0
569.0,478.0
571.0,477.0
572.0,478.0
572.0,477.0
572.0,477.0
572.0,479.0
570.0,478.0
572.0,478.0
569.0,477.0
572.0,477.0
572.0,481.0
573.0,478.0
573.0,478.0
573.0,479.0
573.0,479.0
573.0,480.0
574.0,478.0
573.0,479.0
573.0,480.0
574.0,479.0
573.0,480.0
575.0,481.0
575.0,478.0
575.0,479.0
574.0,480.0
574.0,480.0
573.0,479.0
574.0,479.0
574.0,480.0
575.0,480.0
574.0,480.0
574.0,479.0
575.0,479.0
575.0,480.0
575.0,482.0
575.0,480.0
574.0,479.0
574.0,481.0
576.0,483.0
575.0,481.0
575.0,481.0
576.0,482.0
577.0,481.0
576.0,481.0
577.0,482.0
576.0,481.0
577.0,481.0
577.0,481.0
577.0,483.0
577.0,481.0
578.0,480.0
578.0,482.0
578.0,481.0
578.0,481.0
579.0,484.0
579.0,481.0
580.0,482.0
578.0,482.0
578.0,483.0
578.0,482.0
578.0,482.0
579.0,483.0
579.0,482.0
580.0,483.0
579.0,481.0
579.0,483.0
580.0,481.0
580.0,484.0
579.0,483.0
579.0,482.0
580.0,482.0
580.0,483.0
580.0,484.0
580.0,485.0
582.0,484.0
581.0,483.0
581.0,485.0
581.0,483.0
580.0,484.0
581.0,484.0
581.0,484.0
580.0,483.0
581.0,485.0
582.0,484.0
582.0,486.0
582.0,484.0
582.0,484.0
583.0,484.0
583.0,485.0
583.0,484.0
582.0,483.0
584.0,484.0
584.0,484.0
583.0,485.0
584.0,485.0
583.0,484.0
584.0,485.0
584.0,484.0
583.0,481.0
582.0,484.0
584.0,484.0
584.0,485.0
584.0,486.0
584.0,485.0
584.0,483.0
585.0,484.0
585.0,486.0
585.0,487.0
585.0,486.0
585.0,486.0
585.0,484.0
585.0,485.0
587.0,487.0
586.0,485.0
586.0,486.0
584.0,489.0
587.0,485.0
585.0,485.0
586.0,486.0
586.0,489.0
586.0,487.0
587.0,486.0
586.0,486.0
586.0,487.0
585.0,488.0
587.0,487.0
587.0,489.0
587.0,486.0
587.0,489.0
588.0,489.0
587.0,487.0
588.0,488.0
588.0,487.0
587.0,489.0
587.0,488.0
587.0,489.0
588.0,488.0
588.0,488.0
588.0,489.0
588.0,488.0
590.0,490.0
590.0,491.0
591.0,489.0
589.0,490.0
590.0,487.0
589.0,490.0
588.0,489.0
592.0,489.0
592.0,490.0
591.0,488.0
592.0,490.0
591.0,489.0
592.0,490.0
592.0,490.0
592.0,491.0
590.0,492.0
593.0,493.0
592.0,491.0
593.0,490.0
593.0,487.0
593.0,490.0
593.0,489.0
594.0,489.0
593.0,493.0
592.0,492.0
593.0,493.0
594.0,492.0
594.0,491.0
594.0,493.0
593.0,490.0
593.0,493.0
595.0,492.0
593.0,492.0
594.0,490.0
595.0,494.0
594.0,493.0
593.0,492.0
594.0,492.0
594.0,492.0
595.0,492.0
594.0,492.0
594.0,494.0
595.0,493.0
594.0,493.0
595.0,492.0
597.0,491.0
596.0,494.0
593.0,493.0
596.0,494.0
595.0,492.0
596.0,494.0
596.0,493.0
597.0,494.0
597.0,493.0
596.0,493.0
597.0,494.0
597.0,492.0
596.0,494.0
597.0,495.0
598.0,492.0
598.0,493.0
598.0,493.0
597.0,496.0
598.0,493.0
598.0,494.0
597.0,493.0
598.0,492.0
597.0,493.0
598.0,492.0
599.0,494.0
598.0,493.0
599.0,493.0
598.0,494.0
598.0,493.0
598.0,493.0
597.0,494.0
599.0,496.0
600.0,494.0
600.0,493.0
600.0,493.0
600.0,494.0
600.0,495.0
600.0,495.0
598.0,494.0
601.0,494.0
600.0,494.0
598.0,494.0
600.0,495.0
600.0,495.0
600.0,495.0
602.0,494.0
600.0,496.0
599.0,495.0
601.0,496.0
601.0,495.0
601.0,494.0
601.0,493.0
601.0,495.0
600.0,494.0
600.0,493.0
601.0,494.0
602.0,495.0
603.0,495.0
602.0,494.0
603.0,492.0
601.0,496.0
601.0,496.0
602.0,497.0
602.0,494.0
603.0,494.0
603.0,496.0
604.0,494.0
603.0,495.0
603.0,496.0
604.0,496.0
603.0,497.0
604.0,496.0
604.0,496.0
604.0,496.0
604.0,492.0
604.0,496.0
605.0,495.0
604.0,496.0
604.0,496.0
605.0,496.0
604.0,497.0
605.0,496.0
604.0,495.0
604.0,496.0
605.0,496.0
605.0,497.0
604.0,495.0
604.0,495.0
605.0,496.0
605.0,495.0
604.0,498.0
604.0,497.0
606.0,497.0
605.0,498.0
605.0,497.0
605.0,498.0
606.0,496.0
606.0,496.0
606.0,497.0
606.0,498.0
606.0,496.0
607.0,497.0
607.0,497.0
607.0,497.0
607.0,498.0
606.0,497.0
606.0,498.0
606.0,497.0
606.0,497.0
607.0,497.0
606.0,496.0
607.0,496.0
607.0,497.0
606.0,497.0
607.0,496.0
606.0,496.0
607.0,498.0
607.0,498.0
608.0,495.0
607.0,498.0
608.0,498.0
608.0,498.0
609.0,500.0
607.0,500.0
608.0,497.0
609.0,499.0
607.0,499.0
609.0,498.0
609.0,498.0
609.0,498.0
609.0,499.0
610.0,498.0
610.0,500.0
610.0,499.0
609.0,502.0
611.0,500.0
610.0,499.0
610.0,498.0
611.0,500.0
611.0,500.0
611.0,500.0
610.0,501.0
611.0,501.0
611.0,499.0
610.0,500.0
611.0,499.0
611.0,499.0
611.0,499.0
610.0,500.0
611.0,501.0
611.0,497.0
612.0,501.0
614.0,501.0
613.0,499.0
612.0,500.0
612.0,501.0
613.0,500.0
612.0,500.0
613.0,501.0
612.0,500.0
613.0,500.0
613.0,501.0
613.0,500.0
613.0,501.0
614.0,502.0
613.0,501.0
615.0,501.0
614.0,500.0
613.0,500.0
616.0,501.0
615.0,501.0
615.0,498.0
615.0,501.0
615.0,503.0
615.0,500.0
615.0,501.0
616.0,502.0
616.0,501.0
616.0,501.0
615.0,503.0
617.0,503.0
617.0,504.0
617.0,501.0
615.0,501.0
616.0,500.0
618.0,502.0
618.0,501.0
619.0,502.0
618.0,501.0
617.0,502.0
618.0,502.0
619.0,502.0
619.0,502.0
617.0,503.0
618.0,502.0
619.0,503.0
620.0,501.0
619.0,504.0
618.0,503.0
619.0,503.0
620.0,503.0
619.0,503.0
620.0,503.0
620.0,504.0
620.0,503.0
620.0,504.0
621.0,503.0
620.0,504.0
620.0,504.0
621.0,504.0
622.0,504.0
621.0,504.0
622.0,502.0
622.0,505.0
621.0,505.0
621.0,504.0
622.0,506.0
623.0,504.0
623.0,503.0
623.0,504.0
623.0,505.0
623.0,505.0
624.0,506.0
624.0,506.0
624.0,505.0
624.0,505.0
623.0,504.0
624.0,505.0
624.0,508.0
625.0,506.0
624.0,507.0
,
320.0,373.0
322.0,372.0
321.0,373.0
321.0,373.0
321.0,373.0
320.0,372.0
320.0,374.0
320.0,373.0
320.0,373.0
320.0,373.0
321.0,373.0
320.0,373.0
319.0,374.0
321.0,373.0
320.0,372.0
320.0,373.0
319.0,372.0
319.0,373.0
322.0,373.0
320.0,372.0
320.0,374.0
320.0,373.0
321.0,371.0
321.0,373.0
319.0,373.0
319.0,373.0
319.0,374.0
319.0,373.0
317.0,373.0
320.0,374.0
320.0,373.0
318.0,373.0
322.0,373.0
318.0,373.0
320.0,373.0
319.0,373.0
319.0,373.0
320.0,373.0
321.0,373.0
319.0,373.0
319.0,373.0
319.0,372.0
320.0,373.0
321.0,372.0
319.0,373.0
319.0,372.0
319.0,373.0
317.0,373.0
320.0,372.0
319.0,373.0
320.0,373.0
318.0,373.0
320.0,373.0
320.0,374.0
320.0,373.0
318.0,372.0
317.0,373.0
318.0,373.0
318.0,373.0
318.0,374.0
318.0,373.0
315.0,373.0
319.0,373.0
318.0,372.0
319.0,373.0
318.0,373.0
318.0,373.0
319.0,374.0
318.0,372.0
318.0,373.0
318.0,372.0
318.0,373.0
318.0,373.0
317.0,373.0
318.0,373.0
319.0,374.0
318.0,372.0
318.0,372.0
319.0,373.0
319.0,373.0
317.0,372.0
318.0,372.0
317.0,373.0
317.0,372.0
319.0,372.0
318.0,373.0
317.0,372.0
319.0,373.0
318.0,372.0
316.0,373.0
317.0,371.0
318.0,374.0
317.0,372.0
317.0,372.0
318.0,372.0
317.0,372.0
317.0,372.0
317.0,373.0
317.0,372.0
317.0,373.0
317.0,372.0
318.0,372.0
316.0,372.0
317.0,373.0
318.0,372.0
314.0,373.0
315.0,371.0
316.0,371.0
316.0,372.0
315.0,372.0
316.0,372.0
316.0,372.0
315.0,372.0
314.0,371.0
316.0,373.0
318.0,372.0
316.0,372.0
317.0,372.0
315.0,373.0
318.0,371.0
316.0,372.0
314.0,372.0
316.0,373.0
316.0,372.0
316.0,371.0
315.0,371.0
316.0,371.0
315.0,371.0
316.0,373.0
317.0,372.0
315.0,372.0
316.0,372.0
316.0,371.0
316.0,372.0
315.0,372.0
317.0,372.0
314.0,371.0
316.0,373.0
315.0,372.0
314.0,372.0
315.0,372.0
315.0,371.0
315.0,371.0
315.0,371.0
315.0,371.0
314.0,371.0
315.0,373.0
316.0,371.0
315.0,371.0
314.0,370.0
315.0,372.0
315.0,371.0
314.0,371.0
315.0,372.0
315.0,371.0
315.0,371.0
315.0,371.0
314.0,372.0
314.0,372.0
313.0,371.0
315.0,370.0
314.0,371.0
313.0,371.0
314.0,372.0
314.0,371.0
314.0,371.0
312.0,371.0
313.0,371.0
314.0,371.0
312.0,370.0
313.0,371.0
314.0,371.0
313.0,370.0
312.0,370.0
312.0,371.0
312.0,370.0
314.0,372.0
312.0,371.0
312.0,372.0
311.0,369.0
311.0,369.0
312.0,370.0
310.0,371.0
310.0,371.0
311.0,371.0
311.0,371.0
310.0,371.0
311.0,371.0
310.0,370.0
310.0,371.0
310.0,371.0
310.0,369.0
309.0,371.0
310.0,371.0
310.0,371.0
310.0,371.0
310.0,371.0
311.0,371.0
310.0,371.0
309.0,371.0
311.0,371.0
311.0,370.0
309.0,370.0
309.0,372.0
311.0,371.0
310.0,368.0
309.0,371.0
310.0,371.0
309.0,371.0
309.0,370.0
308.0,371.0
309.0,371.0
309.0,371.0
308.0,370.0
309.0,370.0
309.0,371.0
308.0,371.0
308.0,371.0
307.0,370.0
307.0,370.0
308.0,371.0
309.0,371.0
306.0,371.0
308.0,372.0
307.0,370.0
308.0,372.0
307.0,372.0
307.0,370.0
307.0,370.0
308.0,370.0
307.0,371.0
306.0,371.0
307.0,371.0
307.0,371.0
307.0,371.0
307.0,371.0
307.0,371.0
307.0,372.0
308.0,370.0
308.0,371.0
310.0,370.0
308.0,371.0
307.0,371.0
307.0,371.0
307.0,371.0
307.0,371.0
308.0,371.0
306.0,371.0
308.0,371.0
307.0,371.0
306.0,371.0
306.0,372.0
306.0,370.0
303.0,370.0
307.0,371.0
306.0,371.0
306.0,372.0
307.0,370.0
306.0,372.0
305.0,371.0
306.0,371.0
305.0,370.0
306.0,371.0
303.0,370.0
305.0,369.0
304.0,369.0
304.0,371.0
306.0,370.0
303.0,371.0
303.0,371.0
304.0,370.0
306.0,370.0
303.0,371.0
303.0,371.0
303.0,371.0
303.0,369.0
305.0,371.0
303.0,370.0
303.0,371.0
301.0,371.0
302.0,370.0
302.0,371.0
302.0,370.0
302.0,371.0
301.0,371.0
302.0,371.0
301.0,369.0
302.0,371.0
303.0,371.0
302.0,370.0
302.0,371.0
301.0,371.0
302.0,369.0
302.0,371.0
302.0,370.0
302.0,371.0
301.0,370.0
300.0,371.0
301.0,371.0
301.0,371.0
302.0,371.0
302.0,370.0
300.0,369.0
302.0,370.0
301.0,371.0
300.0,371.0
301.0,370.0
301.0,371.0
301.0,371.0
301.0,371.0
301.0,370.0
301.0,371.0
300.0,371.0
301.0,370.0
301.0,370.0
300.0,370.0
301.0,370.0
300.0,369.0
299.0,370.0
299.0,371.0
299.0,370.0
299.0,371.0
299.0,371.0
299.0,371.0
299.0,371.0
300.0,371.0
298.0,371.0
298.0,370.0
299.0,371.0
298.0,372.0
298.0,371.0
300.0,371.0
299.0,371.0
297.0,370.0
299.0,370.0
299.0,370.0
299.0,370.0
299.0,370.0
299.0,371.0
299.0,370.0
297.0,371.0
297.0,371.0
298.0,370.0
297.0,371.0
299.0,371.0
296.0,371.0
298.0,370.0
298.0,369.0
297.0,371.0
299.0,370.0
298.0,370.0
299.0,371.0
297.0,371.0
297.0,371.0
298.0,370.0
298.0,369.0
297.0,370.0
297.0,371.0
297.0,371.0
298.0,371.0
298.0,371.0
298.0,372.0
297.0,371.0
298.0,371.0
296.0,370.0
296.0,371.0
296.0,370.0
297.0,371.0
297.0,371.0
298.0,370.0
296.0,371.0
296.0,371.0
296.0,370.0
294.0,371.0
298.0,371.0
297.0,370.0
297.0,370.0
296.0,371.0
296.0,371.0
297.0,370.0
296.0,371.0
296.0,370.0
296.0,370.0
297.0,372.0
297.0,370.0
297.0,370.0
296.0,370.0
297.0,370.0
295.0,370.0
296.0,370.0
295.0,372.0
297.0,370.0
296.0,371.0
296.0,371.0
296.0,371.0
296.0,370.0
297.0,371.0
297.0,370.0
296.0,371.0
296.0,371.0
295.0,371.0
297.0,371.0
295.0,370.0
295.0,370.0
296.0,369.0
295.0,371.0
294.0,368.0
296.0,370.0
296.0,371.0
295.0,371.0
295.0,371.0
295.0,370.0
295.0,370.0
294.0,370.0
294.0,369.0
294.0,371.0
294.0,369.0
296.0,370.0
295.0,370.0
296.0,371.0
295.0,370.0
293.0,370.0
294.0,371.0
295.0,370.0
295.0,370.0
296.0,370.0
294.0,370.0
293.0,370.0
294.0,371.0
294.0,370.0
295.0,369.0
293.0,368.0
296.0,370.0
295.0,370.0
295.0,369.0
296.0,369.0
292.0,370.0
291.0,369.0
,
201.0,420.0
201.0,420.0
201.0,419.0
200.0,419.0
201.0,418.0
200.0,419.0
201.0,419.0
200.0,418.0
203.0,419.0
200.0,419.0
201.0,419.0
200.0,419.0
201.0,417.0
200.0,419.0
201.0,418.0
200.0,418.0
201.0,418.0
200.0,419.0
201.0,418.0
199.0,419.0
202.0,417.0
200.0,417.0
201.0,416.0
202.0,419.0
202.0,418.0
200.0,418.0
202.0,418.0
201.0,418.0
200.0,417.0
201.0,417.0
201.0,418.0
200.0,416.0
201.0,418.0
201.0,418.0
202.0,417.0
201.0,418.0
202.0,419.0
203.0,418.0
200.0,417.0
202.0,417.0
202.0,417.0
202.0,416.0
201.0,417.0
202.0,417.0
202.0,417.0
202.0,418.0
201.0,417.0
201.0,416.0
203.0,416.0
201.0,416.0
204.0,416.0
202.0,418.0
201.0,418.0
201.0,417.0
202.0,417.0
202.0,417.0
203.0,417.0
203.0,417.0
203.0,416.0
202.0,416.0
202.0,417.0
202.0,416.0
204.0,417.0
203.0,417.0
202.0,415.0
203.0,416.0
204.0,416.0
203.0,416.0
203.0,414.0
203.0,415.0
203.0,416.0
202.0,416.0
202.0,416.0
203.0,416.0
203.0,415.0
203.0,416.0
202.0,416.0
203.0,416.0
203.0,415.0
204.0,415.0
204.0,416.0
204.0,415.0
202.0,415.0
204.0,416.0
203.0,415.0
204.0,415.0
203.0,415.0
203.0,414.0
203.0,415.0
203.0,415.0
204.0,415.0
203.0,415.0
203.0,414.0
198.0,414.0
203.0,412.0
204.0,414.0
204.0,415.0
204.0,414.0
203.0,415.0
203.0,414.0
203.0,414.0
203.0,414.0
203.0,415.0
203.0,413.0
204.0,415.0
205.0,414.0
202.0,415.0
204.0,414.0
203.0,413.0
205.0,412.0
202.0,415.0
205.0,414.0
203.0,413.0
201.0,414.0
202.0,413.0
203.0,414.0
202.0,414.0
203.0,412.0
202.0,413.0
203.0,413.0
203.0,414.0
204.0,413.0
203.0,415.0
204.0,413.0
203.0,412.0
204.0,413.0
204.0,414.0
202.0,411.0
203.0,413.0
203.0,412.0
204.0,413.0
203.0,413.0
203.0,413.0
203.0,412.0
204.0,414.0
204.0,413.0
203.0,413.0
204.0,412.0
203.0,412.0
203.0,413.0
205.0,414.0
200.0,412.0
204.0,412.0
204.0,412.0
203.0,412.0
207.0,412.0
203.0,413.0
204.0,412.0
205.0,412.0
207.0,413.0
203.0,412.0
203.0,412.0
204.0,413.0
204.0,410.0
203.0,412.0
203.0,412.0
205.0,413.0
204.0,412.0
203.0,412.0
203.0,413.0
205.0,412.0
204.0,412.0
204.0,412.0
203.0,412.0
204.0,412.0
202.0,412.0
203.0,412.0
203.0,412.0
203.0,412.0
205.0,414.0
202.0,411.0
205.0,410.0
203.0,412.0
203.0,413.0
203.0,411.0
203.0,412.0
203.0,411.0
203.0,413.0
201.0,412.0
204.0,413.0
204.0,411.0
203.0,412.0
203.0,412.0
203.0,412.0
204.0,411.0
204.0,411.0
205.0,411.0
203.0,413.0
204.0,411.0
203.0,412.0
203.0,412.0
204.0,413.0
202.0,411.0
204.0,411.0
206.0,411.0
204.0,411.0
202.0,411.0
204.0,412.0
203.0,411.0
204.0,412.0
203.0,411.0
201.0,412.0
204.0,411.0
203.0,412.0
204.0,413.0
203.0,411.0
204.0,412.0
203.0,412.0
202.0,411.0
203.0,412.0
204.0,411.0
202.0,412.0
206.0,412.0
203.0,412.0
203.0,412.0
205.0,413.0
203.0,413.0
205.0,410.0
204.0,411.0
204.0,411.0
203.0,412.0
204.0,411.0
202.0,411.0
203.0,412.0
203.0,411.0
204.0,411.0
203.0,411.0
202.0,411.0
204.0,411.0
202.0,409.0
204.0,412.0
205.0,410.0
204.0,411.0
203.0,412.0
204.0,410.0
204.0,412.0
202.0,411.0
204.0,412.0
203.0,412.0
203.0,411.0
203.0,411.0
201.0,411.0
204.0,411.0
204.0,411.0
203.0,411.0
204.0,412.0
202.0,411.0
203.0,412.0
204.0,412.0
203.0,412.0
204.0,411.0
203.0,412.0
203.0,411.0
204.0,411.0
203.0,412.0
202.0,411.0
205.0,411.0
204.0,412.0
204.0,411.0
204.0,411.0
204.0,412.0
201.0,411.0
206.0,411.0
203.0,410.0
204.0,413.0
204.0,411.0
204.0,412.0
205.0,412.0
204.0,412.0
203.0,412.0
204.0,411.0
203.0,413.0
202.0,411.0
205.0,409.0
203.0,412.0
205.0,412.0
205.0,412.0
204.0,412.0
203.0,412.0
204.0,411.0
202.0,412.0
204.0,412.0
203.0,411.0
203.0,411.0
205.0,411.0
203.0,411.0
203.0,412.0
205.0,411.0
203.0,411.0
203.0,411.0
203.0,412.0
203.0,411.0
204.0,413.0
204.0,412.0
202.0,412.0
204.0,411.0
202.0,412.0
203.0,411.0
204.0,412.0
203.0,412.0
203.0,411.0
204.0,412.0
204.0,411.0
204.0,411.0
204.0,411.0
204.0,412.0
204.0,411.0
204.0,413.0
203.0,411.0
203.0,412.0
203.0,411.0
203.0,411.0
203.0,412.0
203.0,411.0
204.0,410.0
204.0,413.0
205.0,413.0
203.0,411.0
204.0,412.0
204.0,411.0
206.0,413.0
203.0,411.0
206.0,411.0
204.0,411.0
205.0,411.0
204.0,411.0
206.0,411.0
203.0,411.0
205.0,411.0
203.0,411.0
205.0,412.0
203.0,412.0
205.0,411.0
203.0,411.0
206.0,411.0
204.0,412.0
205.0,411.0
203.0,412.0
203.0,412.0
204.0,410.0
204.0,410.0
202.0,411.0
203.0,411.0
203.0,412.0
204.0,411.0
204.0,411.0
204.0,411.0
203.0,411.0
203.0,412.0
205.0,411.0
203.0,412.0
204.0,408.0
202.0,411.0
204.0,411.0
203.0,411.0
204.0,411.0
204.0,411.0
203.0,412.0
202.0,412.0
203.0,412.0
203.0,410.0
204.0,410.0
205.0,412.0
206.0,411.0
203.0,412.0
205.0,411.0
204.0,410.0
205.0,413.0
203.0,410.0
202.0,411.0
203.0,411.0
203.0,412.0
203.0,411.0
203.0,412.0
202.0,410.0
203.0,411.0
203.0,411.0
202.0,412.0
203.0,411.0
202.0,411.0
203.0,411.0
204.0,410.0
203.0,412.0
203.0,411.0
203.0,412.0
204.0,411.0
203.0,411.0
205.0,411.0
205.0,412.0
204.0,411.0
204.0,411.0
204.0,412.0
204.0,411.0
204.0,411.0
202.0,411.0
203.0,410.0
202.0,412.0
204.0,412.0
202.0,412.0
203.0,411.0
202.0,412.0
204.0,410.0
202.0,411.0
204.0,411.0
204.0,411.0
204.0,411.0
203.0,412.0
204.0,412.0
202.0,412.0
203.0,413.0
203.0,411.0
202.0,411.0
203.0,411.0
203.0,410.0
204.0,410.0
204.0,411.0
204.0,411.0
203.0,411.0
203.0,411.0
203.0,411.0
204.0,411.0
205.0,411.0
203.0,410.0
204.0,412.0
205.0,411.0
203.0,413.0
204.0,411.0
202.0,411.0
203.0,410.0
204.0,411.0
203.0,411.0
203.0,411.0
204.0,411.0
203.0,411.0
203.0,410.0
203.0,411.0
203.0,411.0
203.0,411.0
202.0,412.0
200.0,411.0
372.0,306.0
370.0,307.0
370.0,305.0
370.0,304.0
369.0,306.0
369.0,305.0
370.0,304.0
369.0,303.0
369.0,304.0
370.0,304.0
370.0,304.0
370.0,302.0
369.0,304.0
369.0,302.0
367.0,303.0
370.0,303.0
369.0,302.0
369.0,302.0
370.0,302.0
369.0,302.0
370.0,303.0
370.0,302.0
370.0,297.0
371.0,302.0
369.0,300.0
369.0,302.0
370.0,303.0
370.0,301.0
370.0,301.0
369.0,304.0
371.0,301.0
370.0,300.0
369.0,302.0
369.0,301.0
369.0,300.0
371.0,301.0
369.0,301.0
370.0,300.0
370.0,300.0
370.0,302.0
371.0,301.0
369.0,303.0
370.0,299.0
369.0,302.0
369.0,301.0
369.0,301.0
369.0,302.0
370.0,299.0
370.0,301.0
370.0,299.0
371.0,301.0
370.0,301.0
370.0,301.0
370.0,300.0
370.0,299.0
371.0,299.0
370.0,299.0
369.0,301.0
369.0,298.0
370.0,300.0
370.0,300.0
369.0,300.0
369.0,299.0
369.0,298.0
371.0,299.0
369.0,299.0
369.0,298.0
369.0,299.0
369.0,298.0
370.0,299.0
370.0,299.0
370.0,297.0
369.0,297.0
370.0,298.0
370.0,296.0
370.0,296.0
369.0,299.0
369.0,297.0
370.0,298.0
370.0,297.0
369.0,299.0
370.0,296.0
369.0,298.0
368.0,297.0
368.0,296.0
370.0,298.0
369.0,297.0
368.0,296.0
368.0,296.0
370.0,298.0
370.0,296.0
369.0,297.0
369.0,297.0
369.0,296.0
368.0,297.0
369.0,297.0
369.0,297.0
369.0,296.0
370.0,297.0
369.0,293.0
370.0,296.0
370.0,298.0
369.0,297.0
368.0,298.0
368.0,296.0
369.0,297.0
369.0,295.0
368.0,297.0
370.0,298.0
369.0,296.0
368.0,294.0
369.0,297.0
369.0,296.0
368.0,295.0
369.0,295.0
369.0,295.0
369.0,297.0
369.0,294.0
366.0,296.0
371.0,296.0
369.0,296.0
369.0,296.0
369.0,295.0
369.0,296.0
369.0,294.0
369.0,295.0
370.0,294.0
368.0,295.0
368.0,294.0
370.0,294.0
368.0,296.0
369.0,295.0
368.0,295.0
370.0,294.0
369.0,295.0
368.0,294.0
369.0,295.0
369.0,292.0
369.0,295.0
369.0,294.0
369.0,296.0
368.0,295.0
369.0,295.0
369.0,295.0
369.0,293.0
368.0,294.0
370.0,294.0
368.0,295.0
369.0,293.0
368.0,293.0
369.0,294.0
368.0,294.0
369.0,293.0
368.0,293.0
369.0,294.0
369.0,293.0
368.0,293.0
368.0,291.0
369.0,293.0
369.0,293.0
369.0,291.0
367.0,293.0
368.0,293.0
368.0,293.0
368.0,292.0
369.0,292.0
369.0,293.0
369.0,292.0
368.0,292.0
369.0,291.0
369.0,291.0
368.0,289.0
368.0,290.0
368.0,291.0
366.0,290.0
368.0,291.0
368.0,291.0
367.0,290.0
368.0,292.0
368.0,290.0
367.0,291.0
368.0,290.0
368.0,291.0
369.0,291.0
369.0,290.0
368.0,289.0
367.0,290.0
368.0,289.0
368.0,288.0
368.0,291.0
367.0,290.0
369.0,290.0
369.0,289.0
368.0,290.0
369.0,288.0
367.0,289.0
368.0,288.0
368.0,289.0
368.0,289.0
369.0,287.0
368.0,289.0
368.0,288.0
367.0,288.0
368.0,290.0
368.0,287.0
368.0,289.0
369.0,289.0
368.0,284.0
369.0,288.0
368.0,287.0
368.0,287.0
368.0,288.0
368.0,287.0
368.0,287.0
368.0,287.0
368.0,287.0
367.0,287.0
367.0,288.0
368.0,287.0
366.0,288.0
368.0,288.0
368.0,284.0
368.0,288.0
367.0,287.0
366.0,287.0
368.0,287.0
368.0,287.0
368.0,287.0
367.0,285.0
369.0,287.0
368.0,286.0
368.0,288.0
367.0,286.0
368.0,287.0
367.0,289.0
368.0,288.0
369.0,286.0
367.0,285.0
367.0,287.0
368.0,286.0
368.0,286.0
367.0,286.0
366.0,285.0
368.0,285.0
367.0,287.0
368.0,284.0
367.0,284.0
368.0,286.0
368.0,286.0
368.0,284.0
367.0,285.0
368.0,285.0
368.0,284.0
368.0,283.0
367.0,284.0
368.0,282.0
368.0,286.0
367.0,282.0
368.0,284.0
367.0,284.0
368.0,286.0
368.0,284.0
368.0,283.0
367.0,284.0
367.0,282.0
368.0,282.0
367.0,283.0
368.0,283.0
367.0,284.0
367.0,283.0
368.0,283.0
368.0,282.0
368.0,283.0
367.0,283.0
368.0,282.0
368.0,284.0
368.0,282.0
367.0,282.0
367.0,283.0
367.0,280.0
367.0,281.0
368.0,282.0
367.0,279.0
368.0,280.0
369.0,283.0
368.0,282.0
368.0,282.0
368.0,280.0
367.0,280.0
367.0,281.0
368.0,281.0
368.0,280.0
369.0,279.0
367.0,280.0
367.0,281.0
368.0,280.0
368.0,277.0
367.0,279.0
367.0,279.0
367.0,278.0
368.0,279.0
367.0,279.0
368.0,279.0
367.0,278.0
368.0,279.0
367.0,278.0
367.0,280.0
368.0,276.0
367.0,278.0
368.0,279.0
366.0,279.0
368.0,279.0
367.0,278.0
368.0,281.0
365.0,279.0
367.0,280.0
368.0,278.0
367.0,277.0
367.0,276.0
368.0,278.0
368.0,278.0
368.0,279.0
368.0,278.0
367.0,277.0
367.0,279.0
368.0,276.0
367.0,278.0
368.0,277.0
368.0,277.0
368.0,276.0
368.0,277.0
367.0,276.0
368.0,275.0
368.0,276.0
367.0,276.0
368.0,278.0
368.0,276.0
367.0,277.0
368.0,278.0
367.0,277.0
367.0,277.0
367.0,275.0
368.0,278.0
366.0,276.0
368.0,279.0
368.0,277.0
367.0,275.0
368.0,277.0
367.0,276.0
367.0,277.0
369.0,275.0
367.0,276.0
368.0,277.0
368.0,277.0
368.0,275.0
367.0,276.0
367.0,276.0
368.0,274.0
368.0,275.0
368.0,273.0
367.0,275.0
368.0,274.0
367.0,274.0
368.0,275.0
367.0,275.0
368.0,275.0
368.0,274.0
368.0,274.0
367.0,275.0
368.0,275.0
368.0,275.0
367.0,274.0
367.0,275.0
367.0,273.0
368.0,275.0
367.0,274.0
368.0,274.0
368.0,275.0
367.0,274.0
368.0,273.0
367.0,274.0
367.0,275.0
368.0,274.0
367.0,273.0
368.0,273.0
368.0,275.0
367.0,273.0
367.0,275.0
368.0,274.0
366.0,275.0
367.0,272.0
367.0,273.0
367.0,273.0
367.0,273.0
367.0,274.0
367.0,275.0
367.0,272.0
368.0,274.0
368.0,272.0
367.0,273.0
368.0,275.0
367.0,274.0
367.0,274.0
368.0,273.0
368.0,275.0
368.0,274.0
368.0,274.0
367.0,274.0
368.0,273.0
367.0,272.0
367.0,274.0
367.0,272.0
366.0,272.0
367.0,272.0
367.0,273.0
368.0,271.0
367.0,272.0
368.0,272.0
367.0,272.0
368.0,271.0
367.0,272.0
367.0,272.0
368.0,272.0
367.0,271.0
368.0,272.0
367.0,272.0
366.0,270.0
366.0,271.0
368.0,270.0
367.0,271.0
368.0,270.0
368.0,272.0
368.0,272.0
368.0,272.0
368.0,268.0
369.0,271.0
368.0,271.0
368.0,272.0
367.0,269.0
367.0,271.0
368.0,269.0
368.0,271.0
368.0,270.0
367.0,269.0
367.0,273.0
366.0,270.0
367.0,271.0
368.0,270.0
366.0,270.0
367.0,268.0
367.0,270.0
367.0,270.0
367.0,269.0
367.0,270.0
366.0,269.0
368.0,270.0
368.0,269.0
367.0,270.0
368.0,270.0
,
435.0,348.0
435.0,345.0
435.0,349.0
435.0,349.0
436.0,344.0
436.0,348.0
436.0,348.0
436.0,349.0
435.0,349.0
435.0,349.0
435.0,348.0
435.0,350.0
436.0,350.0
435.0,350.0
435.0,349.0
436.0,348.0
436.0,351.0
436.0,350.0
436.0,349.0
435.0,349.0
435.0,349.0
436.0,348.0
436.0,349.0
435.0,351.0
435.0,349.0
435.0,350.0
437.0,349.0
436.0,349.0
435.0,351.0
435.0,351.0
436.0,350.0
434.0,351.0
436.0,348.0
435.0,351.0
435.0,349.0
435.0,351.0
435.0,349.0
435.0,351.0
435.0,351.0
436.0,352.0
435.0,352.0
436.0,352.0
435.0,351.0
434.0,353.0
434.0,352.0
435.0,353.0
436.0,351.0
435.0,353.0
435.0,352.0
436.0,351.0
436.0,352.0
435.0,353.0
435.0,353.0
436.0,352.0
435.0,352.0
435.0,354.0
435.0,354.0
435.0,353.0
435.0,353.0
436.0,354.0
436.0,354.0
435.0,357.0
435.0,353.0
435.0,355.0
435.0,356.0
435.0,354.0
436.0,353.0
436.0,355.0
436.0,355.0
436.0,355.0
435.0,355.0
436.0,357.0
436.0,355.0
435.0,355.0
434.0,357.0
434.0,355.0
436.0,356.0
435.0,357.0
437.0,357.0
435.0,356.0
435.0,355.0
435.0,356.0
436.0,355.0
435.0,356.0
435.0,356.0
436.0,356.0
437.0,356.0
435.0,356.0
435.0,358.0
436.0,357.0
433.0,358.0
438.0,357.0
436.0,357.0
436.0,358.0
435.0,356.0
436.0,359.0
435.0,358.0
435.0,359.0
435.0,358.0
437.0,359.0
435.0,361.0
435.0,359.0
435.0,360.0
436.0,358.0
436.0,359.0
437.0,355.0
435.0,359.0
436.0,361.0
436.0,359.0
436.0,360.0
436.0,358.0
435.0,358.0
436.0,360.0
436.0,360.0
436.0,361.0
436.0,357.0
437.0,359.0
437.0,357.0
436.0,360.0
436.0,362.0
436.0,362.0
436.0,360.0
437.0,361.0
436.0,363.0
436.0,362.0
436.0,361.0
437.0,363.0
436.0,361.0
437.0,362.0
436.0,361.0
436.0,361.0
437.0,360.0
436.0,362.0
436.0,363.0
437.0,363.0
437.0,362.0
436.0,362.0
435.0,362.0
437.0,362.0
436.0,363.0
437.0,364.0
437.0,362.0
438.0,362.0
436.0,364.0
438.0,364.0
437.0,364.0
436.0,363.0
437.0,364.0
438.0,363.0
437.0,363.0
438.0,365.0
437.0,364.0
439.0,364.0
438.0,364.0
438.0,364.0
438.0,362.0
438.0,365.0
438.0,365.0
437.0,365.0
437.0,365.0
437.0,367.0
438.0,366.0
438.0,365.0
437.0,367.0
439.0,364.0
438.0,365.0
438.0,366.0
436.0,365.0
438.0,366.0
437.0,366.0
437.0,367.0
438.0,366.0
437.0,367.0
437.0,367.0
437.0,367.0
439.0,369.0
439.0,365.0
438.0,366.0
438.0,369.0
439.0,367.0
438.0,369.0
439.0,368.0
438.0,366.0
438.0,368.0
438.0,367.0
438.0,368.0
438.0,368.0
438.0,365.0
438.0,366.0
438.0,367.0
438.0,369.0
438.0,367.0
437.0,369.0
439.0,368.0
439.0,368.0
439.0,368.0
439.0,368.0
438.0,369.0
439.0,369.0
439.0,368.0
439.0,369.0
439.0,369.0
439.0,368.0
437.0,368.0
437.0,369.0
439.0,370.0
439.0,368.0
439.0,370.0
439.0,370.0
440.0,369.0
440.0,371.0
439.0,371.0
439.0,370.0
440.0,369.0
440.0,368.0
439.0,370.0
439.0,370.0
440.0,370.0
439.0,368.0
440.0,371.0
440.0,372.0
439.0,371.0
440.0,372.0
439.0,372.0
441.0,367.0
440.0,368.0
440.0,371.0
441.0,369.0
440.0,369.0
440.0,372.0
440.0,371.0
441.0,370.0
440.0,371.0
440.0,371.0
440.0,372.0
440.0,371.0
439.0,371.0
439.0,371.0
441.0,371.0
440.0,370.0
439.0,371.0
440.0,370.0
440.0,371.0
440.0,371.0
439.0,371.0
440.0,371.0
440.0,372.0
441.0,371.0
439.0,370.0
440.0,371.0
439.0,373.0
440.0,371.0
440.0,369.0
440.0,371.0
439.0,370.0
440.0,372.0
440.0,371.0
441.0,371.0
440.0,371.0
440.0,371.0
440.0,372.0
439.0,371.0
440.0,370.0
441.0,371.0
441.0,370.0
440.0,371.0
439.0,371.0
440.0,373.0
440.0,373.0
439.0,368.0
440.0,370.0
440.0,371.0
439.0,372.0
441.0,371.0
440.0,371.0
440.0,372.0
440.0,372.0
440.0,371.0
440.0,370.0
440.0,372.0
440.0,372.0
440.0,371.0
440.0,372.0
439.0,372.0
441.0,373.0
441.0,372.0
440.0,372.0
440.0,373.0
440.0,370.0
441.0,373.0
440.0,373.0
440.0,371.0
440.0,371.0
440.0,373.0
440.0,372.0
441.0,372.0
441.0,374.0
439.0,373.0
441.0,374.0
440.0,371.0
440.0,373.0
440.0,374.0
441.0,372.0
438.0,371.0
441.0,371.0
441.0,372.0
441.0,373.0
441.0,372.0
441.0,373.0
441.0,372.0
440.0,373.0
441.0,374.0
441.0,375.0
441.0,372.0
441.0,375.0
440.0,372.0
441.0,372.0
441.0,375.0
442.0,373.0
441.0,375.0
441.0,373.0
441.0,374.0
441.0,373.0
441.0,372.0
441.0,373.0
441.0,372.0
441.0,372.0
441.0,373.0
440.0,373.0
442.0,373.0
441.0,372.0
441.0,372.0
441.0,372.0
441.0,373.0
441.0,373.0
441.0,374.0
442.0,372.0
441.0,374.0
441.0,374.0
442.0,373.0
441.0,372.0
441.0,373.0
441.0,373.0
441.0,374.0
442.0,375.0
442.0,374.0
442.0,374.0
442.0,372.0
441.0,375.0
442.0,374.0
441.0,373.0
443.0,376.0
442.0,374.0
442.0,374.0
442.0,374.0
441.0,374.0
443.0,374.0
441.0,376.0
442.0,373.0
442.0,375.0
442.0,374.0
441.0,375.0
443.0,375.0
442.0,375.0
442.0,374.0
443.0,374.0
442.0,374.0
441.0,374.0
442.0,375.0
442.0,376.0
443.0,371.0
442.0,375.0
443.0,375.0
443.0,375.0
444.0,376.0
442.0,375.0
442.0,376.0
443.0,377.0
443.0,377.0
443.0,376.0
444.0,377.0
443.0,375.0
443.0,377.0
444.0,376.0
443.0,377.0
444.0,377.0
443.0,376.0
443.0,376.0
444.0,376.0
444.0,376.0
444.0,376.0
443.0,378.0
444.0,377.0
444.0,377.0
444.0,377.0
444.0,375.0
444.0,376.0
444.0,377.0
444.0,377.0
442.0,376.0
444.0,372.0
443.0,377.0
443.0,376.0
445.0,378.0
444.0,378.0
445.0,377.0
445.0,376.0
445.0,377.0
445.0,378.0
444.0,378.0
445.0,377.0
445.0,379.0
444.0,376.0
444.0,378.0
445.0,376.0
444.0,377.0
445.0,379.0
445.0,378.0
445.0,379.0
444.0,377.0
444.0,378.0
445.0,378.0
445.0,378.0
445.0,379.0
444.0,377.0
445.0,380.0
445.0,378.0
444.0,379.0
445.0,378.0
445.0,377.0
445.0,379.0
446.0,378.0
445.0,378.0
445.0,379.0
446.0,379.0
,
476.0,251.0
475.0,250.0
475.0,249.0
475.0,250.0
474.0,247.0
475.0,249.0
475.0,249.0
475.0,249.0
475.0,249.0
475.0,250.0
473.0,248.0
475.0,250.0
475.0,250.0
475.0,251.0
476.0,250.0
475.0,251.0
475.0,248.0
475.0,250.0
474.0,249.0
476.0,248.0
475.0,250.0
476.0,250.0
476.0,249.0
475.0,247.0
475.0,249.0
473.0,247.0
475.0,250.0
474.0,250.0
476.0,250.0
475.0,249.0
475.0,247.0
476.0,250.0
475.0,249.0
476.0,249.0
475.0,248.0
475.0,249.0
475.0,250.0
475.0,250.0
474.0,248.0
475.0,250.0
475.0,249.0
476.0,249.0
476.0,249.0
474.0,248.0
476.0,250.0
476.0,250.0
476.0,249.0
475.0,246.0
475.0,249.0
476.0,248.0
475.0,250.0
475.0,249.0
475.0,249.0
475.0,248.0
475.0,251.0
475.0,250.0
474.0,249.0
475.0,249.0
476.0,251.0
475.0,249.0
475.0,249.0
476.0,249.0
474.0,249.0
474.0,248.0
475.0,250.0
476.0,249.0
475.0,249.0
475.0,250.0
475.0,248.0
475.0,250.0
475.0,247.0
472.0,250.0
475.0,249.0
475.0,251.0
475.0,250.0
476.0,251.0
473.0,250.0
475.0,248.0
475.0,250.0
475.0,250.0
475.0,249.0
475.0,250.0
475.0,251.0
475.0,250.0
475.0,250.0
475.0,249.0
476.0,250.0
476.0,249.0
475.0,249.0
475.0,251.0
475.0,252.0
475.0,250.0
475.0,251.0
476.0,249.0
475.0,249.0
475.0,250.0
475.0,249.0
476.0,249.0
475.0,251.0
475.0,248.0
476.0,250.0
476.0,249.0
475.0,249.0
475.0,250.0
476.0,250.0
475.0,250.0
474.0,248.0
474.0,248.0
475.0,251.0
474.0,250.0
475.0,249.0
475.0,250.0
476.0,249.0
475.0,249.0
474.0,250.0
476.0,251.0
475.0,250.0
477.0,249.0
475.0,249.0
477.0,250.0
475.0,249.0
475.0,251.0
475.0,249.0
475.0,250.0
475.0,251.0
475.0,247.0
475.0,249.0
475.0,249.0
476.0,249.0
476.0,251.0
475.0,250.0
475.0,249.0
476.0,251.0
474.0,249.0
475.0,249.0
476.0,251.0
475.0,251.0
475.0,249.0
475.0,251.0
475.0,249.0
475.0,249.0
475.0,249.0
475.0,249.0
475.0,250.0
476.0,251.0
475.0,249.0
475.0,249.0
476.0,248.0
475.0,249.0
476.0,252.0
477.0,251.0
477.0,249.0
476.0,250.0
475.0,250.0
476.0,251.0
476.0,250.0
475.0,250.0
476.0,250.0
475.0,251.0
475.0,250.0
476.0,249.0
475.0,249.0
475.0,250.0
476.0,251.0
474.0,249.0
476.0,250.0
475.0,250.0
475.0,250.0
476.0,251.0
475.0,249.0
475.0,249.0
476.0,250.0
477.0,249.0
476.0,251.0
476.0,251.0
476.0,250.0
476.0,249.0
475.0,252.0
475.0,251.0
476.0,249.0
475.0,248.0
475.0,250.0
476.0,250.0
476.0,249.0
475.0,250.0
476.0,248.0
475.0,251.0
476.0,249.0
476.0,250.0
475.0,249.0
475.0,250.0
475.0,246.0
476.0,250.0
476.0,249.0
475.0,251.0
475.0,248.0
475.0,249.0
476.0,250.0
475.0,251.0
476.0,247.0
476.0,250.0
476.0,250.0
475.0,251.0
475.0,250.0
475.0,250.0
476.0,250.0
476.0,250.0
476.0,250.0
475.0,249.0
476.0,251.0
476.0,246.0
475.0,250.0
476.0,251.0
475.0,249.0
476.0,250.0
475.0,250.0
476.0,249.0
476.0,250.0
476.0,251.0
476.0,250.0
474.0,248.0
476.0,250.0
475.0,250.0
475.0,249.0
474.0,248.0
475.0,249.0
475.0,250.0
477.0,249.0
475.0,249.0
476.0,249.0
475.0,249.0
475.0,249.0
476.0,250.0
476.0,250.0
475.0,249.0
475.0,250.0
476.0,249.0
475.0,248.0
475.0,249.0
475.0,249.0
475.0,250.0
473.0,248.0
476.0,248.0
474.0,250.0
476.0,250.0
476.0,247.0
475.0,249.0
476.0,249.0
475.0,249.0
476.0,248.0
475.0,250.0
475.0,248.0
475.0,250.0
474.0,249.0
474.0,250.0
477.0,250.0
476.0,245.0
476.0,249.0
474.0,249.0
475.0,249.0
475.0,249.0
474.0,251.0
475.0,249.0
475.0,249.0
476.0,250.0
474.0,251.0
476.0,249.0
474.0,248.0
476.0,248.0
476.0,250.0
474.0,250.0
475.0,250.0
476.0,249.0
475.0,250.0
476.0,249.0
476.0,248.0
475.0,250.0
476.0,250.0
476.0,245.0
476.0,252.0
476.0,248.0
476.0,250.0
475.0,250.0
476.0,250.0
476.0,249.0
476.0,250.0
475.0,249.0
474.0,251.0
476.0,250.0
475.0,250.0
475.0,249.0
476.0,249.0
476.0,249.0
476.0,250.0
476.0,250.0
475.0,250.0
476.0,250.0
475.0,246.0
475.0,250.0
476.0,249.0
474.0,249.0
475.0,249.0
476.0,250.0
476.0,248.0
476.0,249.0
475.0,250.0
475.0,249.0
475.0,249.0
475.0,250.0
475.0,249.0
475.0,248.0
475.0,249.0
475.0,249.0
476.0,250.0
476.0,250.0
476.0,250.0
476.0,250.0
476.0,250.0
475.0,250.0
475.0,250.0
476.0,249.0
475.0,251.0
476.0,249.0
476.0,250.0
475.0,249.0
476.0,249.0
476.0,251.0
476.0,248.0
475.0,250.0
476.0,250.0
475.0,250.0
476.0,249.0
476.0,249.0
475.0,250.0
476.0,250.0
476.0,250.0
475.0,249.0
476.0,249.0
476.0,249.0
476.0,250.0
475.0,248.0
476.0,250.0
476.0,250.0
476.0,250.0
475.0,249.0
477.0,251.0
476.0,250.0
474.0,249.0
476.0,250.0
476.0,250.0
476.0,251.0
476.0,249.0
476.0,250.0
475.0,250.0
476.0,250.0
476.0,250.0
476.0,249.0
476.0,250.0
476.0,251.0
475.0,250.0
477.0,251.0
477.0,249.0
476.0,250.0
476.0,250.0
476.0,251.0
477.0,250.0
477.0,251.0
476.0,251.0
477.0,251.0
476.0,250.0
477.0,251.0
477.0,250.0
477.0,252.0
478.0,251.0
477.0,249.0
478.0,250.0
477.0,250.0
477.0,250.0
478.0,250.0
479.0,250.0
478.0,249.0
479.0,249.0
476.0,250.0
478.0,249.0
478.0,250.0
478.0,251.0
479.0,251.0
479.0,252.0
480.0,251.0
480.0,248.0
480.0,251.0
480.0,250.0
480.0,251.0
480.0,250.0
481.0,250.0
480.0,249.0
481.0,249.0
480.0,250.0
480.0,250.0
481.0,250.0
480.0,250.0
480.0,250.0
480.0,251.0
481.0,250.0
480.0,252.0
481.0,251.0
482.0,250.0
480.0,251.0
482.0,251.0
482.0,251.0
482.0,250.0
481.0,252.0
483.0,250.0
481.0,251.0
482.0,252.0
482.0,251.0
482.0,251.0
483.0,251.0
482.0,253.0
482.0,252.0
483.0,251.0
483.0,250.0
483.0,251.0
483.0,252.0
484.0,250.0
484.0,251.0
484.0,252.0
484.0,250.0
484.0,253.0
484.0,251.0
484.0,251.0
484.0,252.0
484.0,252.0
484.0,251.0
485.0,252.0
485.0,250.0
484.0,252.0
,
509.0,389.0
508.0,391.0
510.0,390.0
509.0,391.0
508.0,389.0
508.0,391.0
509.0,391.0
508.0,389.0
509.0,390.0
509.0,387.0
509.0,390.0
509.0,389.0
508.0,389.0
510.0,388.0
509.0,388.0
509.0,390.0
508.0,389.0
509.0,389.0
510.0,389.0
509.0,389.0
509.0,386.0
509.0,388.0
509.0,389.0
509.0,389.0
509.0,387.0
509.0,387.0
509.0,388.0
509.0,387.0
509.0,388.0
510.0,387.0
508.0,386.0
509.0,387.0
509.0,386.0
509.0,388.0
507.0,386.0
508.0,387.0
510.0,387.0
509.0,386.0
509.0,386.0
509.0,389.0
508.0,387.0
509.0,388.0
509.0,386.0
510.0,386.0
509.0,386.0
508.0,384.0
509.0,387.0
508.0,383.0
508.0,385.0
509.0,384.0
508.0,386.0
509.0,385.0
510.0,384.0
509.0,384.0
509.0,384.0
508.0,385.0
510.0,384.0
509.0,384.0
509.0,385.0
509.0,385.0
508.0,385.0
508.0,385.0
508.0,383.0
509.0,384.0
509.0,383.0
509.0,384.0
509.0,382.0
509.0,385.0
509.0,384.0
508.0,384.0
508.0,383.0
509.0,383.0
508.0,384.0
509.0,384.0
508.0,384.0
508.0,382.0
510.0,383.0
509.0,384.0
508.0,383.0
509.0,384.0
509.0,383.0
508.0,382.0
509.0,383.0
509.0,383.0
509.0,382.0
509.0,382.0
510.0,383.0
508.0,385.0
508.0,384.0
508.0,381.0
509.0,382.0
509.0,382.0
510.0,383.0
509.0,381.0
509.0,383.0
509.0,382.0
508.0,381.0
509.0,382.0
509.0,382.0
509.0,380.0
508.0,382.0
509.0,381.0
509.0,381.0
508.0,382.0
508.0,381.0
508.0,382.0
509.0,381.0
510.0,382.0
509.0,380.0
508.0,379.0
509.0,380.0
508.0,381.0
509.0,380.0
508.0,381.0
509.0,381.0
510.0,381.0
509.0,381.0
508.0,378.0
508.0,380.0
509.0,380.0
509.0,380.0
508.0,380.0
508.0,378.0
509.0,380.0
509.0,380.0
509.0,379.0
509.0,380.0
509.0,378.0
509.0,378.0
509.0,379.0
506.0,381.0
509.0,379.0
509.0,381.0
507.0,378.0
509.0,381.0
509.0,377.0
510.0,379.0
509.0,379.0
509.0,379.0
509.0,378.0
509.0,380.0
508.0,379.0
508.0,378.0
509.0,380.0
508.0,378.0
510.0,379.0
510.0,376.0
509.0,380.0
509.0,379.0
509.0,378.0
508.0,379.0
509.0,379.0
509.0,378.0
510.0,378.0
509.0,378.0
509.0,379.0
509.0,378.0
509.0,378.0
509.0,378.0
508.0,378.0
509.0,379.0
509.0,378.0
509.0,379.0
509.0,379.0
509.0,376.0
509.0,379.0
509.0,377.0
509.0,380.0
509.0,379.0
509.0,377.0
509.0,379.0
509.0,379.0
509.0,378.0
509.0,378.0
508.0,378.0
509.0,379.0
509.0,378.0
507.0,377.0
509.0,379.0
510.0,378.0
509.0,378.0
509.0,378.0
510.0,378.0
509.0,377.0
509.0,378.0
510.0,378.0
509.0,378.0
509.0,378.0
509.0,376.0
509.0,379.0
509.0,377.0
509.0,376.0
507.0,380.0
510.0,377.0
509.0,377.0
508.0,378.0
509.0,378.0
509.0,378.0
509.0,378.0
509.0,379.0
509.0,378.0
509.0,378.0
508.0,378.0
509.0,378.0
509.0,380.0
509.0,378.0
508.0,378.0
509.0,379.0
509.0,378.0
509.0,378.0
509.0,378.0
509.0,378.0
510.0,377.0
509.0,378.0
509.0,379.0
508.0,378.0
508.0,377.0
509.0,378.0
510.0,377.0
508.0,378.0
508.0,375.0
509.0,378.0
508.0,378.0
510.0,379.0
509.0,378.0
510.0,378.0
509.0,377.0
508.0,378.0
510.0,378.0
509.0,377.0
509.0,377.0
508.0,378.0
509.0,378.0
509.0,378.0
509.0,379.0
510.0,378.0
509.0,378.0
509.0,379.0
510.0,378.0
509.0,377.0
510.0,379.0
508.0,377.0
509.0,378.0
509.0,375.0
507.0,378.0
508.0,378.0
510.0,377.0
509.0,377.0
510.0,377.0
508.0,377.0
508.0,378.0
510.0,376.0
509.0,378.0
508.0,378.0
508.0,378.0
508.0,379.0
509.0,377.0
508.0,377.0
508.0,378.0
510.0,379.0
509.0,378.0
508.0,377.0
509.0,377.0
509.0,376.0
509.0,377.0
508.0,377.0
510.0,377.0
510.0,377.0
508.0,376.0
509.0,377.0
509.0,378.0
509.0,378.0
509.0,375.0
509.0,376.0
509.0,376.0
508.0,376.0
508.0,378.0
507.0,378.0
509.0,376.0
510.0,375.0
509.0,378.0
508.0,378.0
509.0,376.0
510.0,377.0
508.0,375.0
509.0,377.0
508.0,376.0
510.0,377.0
509.0,378.0
508.0,376.0
509.0,378.0
508.0,375.0
507.0,377.0
508.0,374.0
509.0,377.0
509.0,375.0
509.0,376.0
508.0,377.0
509.0,375.0
510.0,374.0
508.0,375.0
509.0,376.0
509.0,376.0
509.0,376.0
508.0,376.0
509.0,375.0
509.0,375.0
509.0,374.0
508.0,374.0
508.0,375.0
509.0,370.0
509.0,375.0
509.0,372.0
509.0,376.0
508.0,376.0
509.0,374.0
509.0,374.0
508.0,374.0
508.0,372.0
509.0,374.0
509.0,373.0
508.0,374.0
509.0,376.0
508.0,373.0
509.0,374.0
509.0,371.0
509.0,375.0
509.0,374.0
508.0,374.0
510.0,372.0
510.0,372.0
509.0,374.0
508.0,372.0
508.0,372.0
508.0,372.0
509.0,372.0
508.0,373.0
509.0,375.0
509.0,374.0
508.0,373.0
509.0,373.0
509.0,372.0
507.0,372.0
508.0,370.0
508.0,373.0
508.0,371.0
509.0,373.0
508.0,372.0
509.0,372.0
508.0,373.0
508.0,373.0
509.0,373.0
508.0,371.0
509.0,371.0
508.0,370.0
509.0,372.0
510.0,372.0
508.0,372.0
508.0,372.0
508.0,372.0
510.0,373.0
509.0,372.0
508.0,372.0
507.0,371.0
508.0,371.0
509.0,371.0
508.0,370.0
509.0,370.0
508.0,371.0
509.0,373.0
510.0,372.0
509.0,370.0
508.0,371.0
508.0,371.0
509.0,371.0
507.0,371.0
509.0,370.0
509.0,371.0
508.0,371.0
509.0,370.0
508.0,371.0
509.0,371.0
509.0,372.0
510.0,370.0
508.0,369.0
509.0,370.0
508.0,368.0
509.0,370.0
509.0,369.0
509.0,368.0
508.0,368.0
509.0,370.0
509.0,371.0
509.0,368.0
509.0,370.0
509.0,369.0
509.0,370.0
509.0,369.0
507.0,368.0
509.0,369.0
508.0,368.0
509.0,368.0
508.0,369.0
509.0,364.0
508.0,364.0
509.0,367.0
509.0,369.0
510.0,367.0
508.0,368.0
509.0,368.0
509.0,367.0
509.0,368.0
509.0,367.0
509.0,367.0
509.0,367.0
508.0,366.0
508.0,368.0
509.0,367.0
510.0,370.0
509.0,367.0
508.0,365.0
509.0,366.0
507.0,366.0
508.0,367.0
509.0,364.0
508.0,366.0
509.0,364.0
509.0,368.0
509.0,365.0
508.0,364.0
507.0,366.0
508.0,366.0
510.0,365.0
508.0,365.0
509.0,365.0
510.0,365.0
508.0,364.0
508.0,363.0
509.0,364.0
508.0,364.0
508.0,363.0
508.0,365.0
509.0,363.0
509.0,362.0
508.0,364.0
508.0,363.0
507.0,362.0
509.0,364.0
509.0,362.0
509.0,366.0
509.0,365.0
508.0,361.0
508.0,362.0
509.0,362.0
508.0,362.0
509.0,361.0
509.0,362.0
508.0,408.0
607.0,430.0
608.0,431.0
608.0,431.0
608.0,430.0
607.0,430.0
607.0,428.0
608.0,431.0
606.0,431.0
607.0,431.0
608.0,430.0
608.0,432.0
607.0,431.0
607.0,430.0
608.0,430.0
608.0,431.0
608.0,431.0
607.0,429.0
607.0,430.0
608.0,431.0
607.0,430.0
608.0,432.0
608.0,432.0
608.0,427.0
608.0,431.0
607.0,430.0
608.0,431.0
607.0,431.0
608.0,430.0
609.0,430.0
609.0,431.0
607.0,429.0
609.0,430.0
608.0,430.0
607.0,432.0
608.0,432.0
609.0,433.0
608.0,432.0
608.0,431.0
608.0,430.0
607.0,430.0
609.0,431.0
608.0,430.0
609.0,430.0
608.0,432.0
608.0,432.0
608.0,430.0
608.0,431.0
609.0,430.0
609.0,430.0
609.0,430.0
607.0,432.0
608.0,427.0
607.0,431.0
608.0,432.0
608.0,431.0
609.0,432.0
609.0,432.0
608.0,432.0
608.0,433.0
609.0,433.0
608.0,433.0
609.0,432.0
608.0,432.0
609.0,429.0
609.0,432.0
608.0,431.0
608.0,432.0
608.0,433.0
610.0,431.0
608.0,432.0
609.0,432.0
608.0,430.0
608.0,433.0
609.0,432.0
609.0,433.0
607.0,431.0
607.0,432.0
608.0,431.0
609.0,432.0
610.0,433.0
608.0,432.0
609.0,432.0
609.0,433.0
607.0,433.0
608.0,433.0
609.0,432.0
608.0,432.0
609.0,434.0
608.0,434.0
609.0,434.0
608.0,434.0
609.0,434.0
609.0,434.0
608.0,433.0
610.0,434.0
608.0,433.0
609.0,435.0
609.0,434.0
610.0,435.0
610.0,435.0
609.0,433.0
609.0,434.0
609.0,433.0
609.0,433.0
609.0,434.0
609.0,434.0
609.0,433.0
608.0,433.0
608.0,434.0
609.0,432.0
609.0,433.0
610.0,434.0
608.0,433.0
610.0,437.0
609.0,435.0
609.0,433.0
609.0,433.0
609.0,434.0
609.0,433.0
609.0,435.0
609.0,433.0
609.0,435.0
610.0,434.0
609.0,433.0
610.0,434.0
609.0,435.0
609.0,433.0
610.0,434.0
611.0,435.0
610.0,434.0
610.0,433.0
609.0,435.0
609.0,434.0
609.0,432.0
610.0,434.0
610.0,434.0
610.0,434.0
610.0,435.0
610.0,437.0
611.0,435.0
610.0,435.0
609.0,434.0
610.0,433.0
610.0,437.0
610.0,436.0
610.0,434.0
610.0,435.0
610.0,435.0
609.0,436.0
609.0,436.0
610.0,436.0
610.0,434.0
611.0,435.0
610.0,437.0
610.0,435.0
610.0,436.0
611.0,435.0
610.0,436.0
611.0,436.0
611.0,437.0
609.0,435.0
610.0,436.0
611.0,436.0
610.0,437.0
610.0,436.0
610.0,437.0
610.0,436.0
610.0,437.0
611.0,438.0
610.0,435.0
611.0,436.0
610.0,435.0
612.0,437.0
611.0,437.0
611.0,438.0
611.0,437.0
610.0,438.0
610.0,437.0
611.0,437.0
611.0,437.0
611.0,437.0
611.0,436.0
611.0,438.0
612.0,437.0
610.0,437.0
611.0,436.0
612.0,436.0
611.0,437.0
610.0,435.0
611.0,438.0
611.0,437.0
611.0,440.0
611.0,438.0
611.0,437.0
611.0,437.0
611.0,438.0
611.0,438.0
612.0,438.0
611.0,439.0
612.0,436.0
611.0,439.0
611.0,439.0
611.0,437.0
611.0,439.0
611.0,438.0
612.0,438.0
612.0,440.0
611.0,440.0
611.0,439.0
611.0,439.0
611.0,439.0
612.0,439.0
611.0,439.0
612.0,441.0
611.0,440.0
611.0,440.0
611.0,440.0
611.0,436.0
612.0,440.0
611.0,440.0
612.0,440.0
611.0,439.0
611.0,438.0
612.0,440.0
612.0,440.0
611.0,441.0
610.0,440.0
611.0,441.0
612.0,438.0
610.0,439.0
611.0,440.0
611.0,440.0
611.0,440.0
611.0,440.0
611.0,440.0
612.0,441.0
611.0,440.0
611.0,440.0
611.0,441.0
612.0,440.0
611.0,441.0
612.0,442.0
611.0,442.0
610.0,440.0
611.0,441.0
611.0,441.0
611.0,443.0
611.0,441.0
611.0,441.0
611.0,440.0
612.0,441.0
612.0,441.0
611.0,441.0
611.0,442.0
612.0,442.0
611.0,442.0
611.0,443.0
611.0,443.0
612.0,443.0
611.0,441.0
612.0,442.0
612.0,444.0
611.0,444.0
611.0,443.0
612.0,442.0
612.0,443.0
611.0,442.0
612.0,443.0
612.0,443.0
611.0,443.0
612.0,443.0
610.0,444.0
612.0,444.0
612.0,446.0
611.0,445.0
611.0,444.0
613.0,443.0
611.0,445.0
612.0,445.0
611.0,444.0
611.0,446.0
612.0,444.0
612.0,445.0
612.0,444.0
612.0,444.0
612.0,444.0
612.0,446.0
611.0,445.0
612.0,441.0
612.0,443.0
612.0,443.0
611.0,445.0
614.0,444.0
613.0,446.0
611.0,445.0
612.0,445.0
611.0,443.0
612.0,445.0
612.0,445.0
612.0,445.0
613.0,447.0
613.0,445.0
612.0,445.0
613.0,445.0
612.0,448.0
612.0,446.0
612.0,445.0
613.0,446.0
612.0,446.0
612.0,446.0
613.0,447.0
613.0,446.0
612.0,445.0
612.0,447.0
613.0,446.0
612.0,446.0
611.0,446.0
613.0,446.0
612.0,446.0
613.0,446.0
613.0,444.0
612.0,447.0
613.0,445.0
613.0,447.0
612.0,446.0
612.0,447.0
612.0,449.0
612.0,448.0
613.0,447.0
612.0,447.0
613.0,447.0
613.0,447.0
613.0,449.0
614.0,448.0
612.0,448.0
613.0,447.0
614.0,448.0
612.0,446.0
614.0,448.0
612.0,448.0
614.0,449.0
613.0,448.0
613.0,448.0
612.0,449.0
614.0,449.0
613.0,449.0
613.0,449.0
613.0,449.0
613.0,451.0
613.0,450.0
611.0,449.0
613.0,450.0
613.0,449.0
612.0,448.0
614.0,448.0
613.0,450.0
614.0,449.0
613.0,448.0
614.0,451.0
614.0,450.0
613.0,449.0
614.0,450.0
614.0,450.0
613.0,449.0
613.0,446.0
612.0,449.0
614.0,450.0
613.0,449.0
613.0,451.0
615.0,450.0
614.0,449.0
613.0,451.0
614.0,451.0
614.0,450.0
614.0,450.0
614.0,451.0
613.0,451.0
611.0,451.0
613.0,452.0
614.0,450.0
615.0,453.0
613.0,452.0
615.0,451.0
614.0,452.0
614.0,451.0
614.0,452.0
612.0,452.0
614.0,452.0
613.0,453.0
614.0,451.0
614.0,452.0
614.0,452.0
615.0,453.0
612.0,455.0
613.0,451.0
614.0,453.0
615.0,453.0
614.0,452.0
613.0,453.0
614.0,451.0
615.0,453.0
614.0,451.0
614.0,454.0
614.0,453.0
614.0,455.0
615.0,455.0
614.0,455.0
614.0,454.0
615.0,454.0
615.0,453.0
614.0,454.0
614.0,452.0
615.0,455.0
615.0,455.0
615.0,454.0
614.0,454.0
615.0,455.0
615.0,454.0
614.0,453.0
615.0,454.0
615.0,454.0
615.0,455.0
615.0,456.0
614.0,455.0
615.0,455.0
615.0,457.0
615.0,455.0
615.0,454.0
615.0,454.0
615.0,456.0
616.0,455.0
614.0,455.0
616.0,454.0
615.0,455.0
615.0,456.0
615.0,454.0
,
775.0,437.0
773.0,438.0
774.0,435.0
775.0,436.0
776.0,436.0
775.0,437.0
775.0,438.0
776.0,437.0
777.0,437.0
777.0,439.0
779.0,439.0
777.0,437.0
776.0,438.0
777.0,438.0
777.0,439.0
778.0,440.0
779.0,438.0
778.0,439.0
780.0,437.0
779.0,441.0
780.0,438.0
782.0,440.0
781.0,440.0
781.0,441.0
782.0,441.0
782.0,441.0
783.0,443.0
783.0,442.0
783.0,441.0
784.0,442.0
785.0,442.0
783.0,442.0
784.0,443.0
785.0,443.0
785.0,444.0
785.0,444.0
784.0,444.0
785.0,444.0
785.0,443.0
786.0,445.0
786.0,444.0
784.0,444.0
786.0,444.0
787.0,445.0
786.0,446.0
787.0,445.0
787.0,445.0
787.0,444.0
787.0,446.0
787.0,445.0
787.0,446.0
785.0,447.0
788.0,446.0
788.0,446.0
786.0,446.0
789.0,447.0
790.0,446.0
789.0,447.0
787.0,447.0
790.0,448.0
789.0,449.0
789.0,446.0
789.0,447.0
789.0,446.0
790.0,449.0
790.0,448.0
790.0,448.0
791.0,447.0
791.0,445.0
788.0,448.0
792.0,450.0
791.0,447.0
790.0,449.0
791.0,448.0
790.0,447.0
792.0,449.0
791.0,448.0
791.0,449.0
793.0,449.0
791.0,449.0
789.0,448.0
791.0,449.0
792.0,450.0
792.0,451.0
791.0,449.0
791.0,450.0
792.0,451.0
792.0,451.0
792.0,449.0
792.0,449.0
791.0,450.0
790.0,449.0
792.0,451.0
792.0,449.0
792.0,452.0
791.0,451.0
792.0,451.0
793.0,450.0
792.0,450.0
792.0,451.0
791.0,451.0
792.0,451.0
792.0,450.0
793.0,451.0
792.0,452.0
791.0,451.0
793.0,451.0
792.0,451.0
793.0,452.0
793.0,453.0
793.0,452.0
794.0,453.0
793.0,453.0
793.0,454.0
792.0,453.0
791.0,452.0
794.0,451.0
792.0,454.0
794.0,454.0
793.0,455.0
794.0,453.0
794.0,454.0
794.0,454.0
794.0,454.0
793.0,454.0
793.0,456.0
792.0,455.0
794.0,455.0
795.0,455.0
794.0,454.0
795.0,456.0
794.0,454.0
794.0,454.0
794.0,454.0
794.0,456.0
794.0,456.0
794.0,454.0
792.0,455.0
794.0,455.0
795.0,455.0
794.0,454.0
794.0,456.0
795.0,456.0
795.0,451.0
795.0,455.0
796.0,457.0
795.0,456.0
795.0,455.0
794.0,456.0
795.0,457.0
792.0,457.0
795.0,457.0
794.0,457.0
795.0,455.0
795.0,457.0
796.0,455.0
796.0,456.0
795.0,457.0
796.0,458.0
797.0,456.0
796.0,458.0
796.0,456.0
795.0,457.0
796.0,457.0
797.0,455.0
797.0,457.0
796.0,458.0
796.0,457.0
797.0,458.0
797.0,458.0
796.0,457.0
797.0,457.0
796.0,454.0
796.0,456.0
797.0,455.0
797.0,459.0
797.0,460.0
796.0,459.0
797.0,460.0
797.0,457.0
797.0,458.0
796.0,457.0
798.0,459.0
796.0,459.0
797.0,459.0
797.0,459.0
797.0,459.0
796.0,460.0
797.0,458.0
798.0,460.0
796.0,459.0
797.0,459.0
798.0,458.0
798.0,460.0
798.0,460.0
796.0,459.0
798.0,460.0
797.0,459.0
798.0,460.0
796.0,462.0
799.0,461.0
798.0,462.0
798.0,461.0
797.0,461.0
798.0,461.0
797.0,460.0
798.0,461.0
797.0,462.0
798.0,462.0
798.0,461.0
798.0,461.0
799.0,462.0
798.0,461.0
798.0,463.0
797.0,461.0
798.0,461.0
798.0,461.0
797.0,462.0
798.0,460.0
799.0,462.0
797.0,461.0
798.0,463.0
798.0,461.0
798.0,459.0
798.0,462.0
799.0,463.0
797.0,463.0
797.0,462.0
797.0,462.0
798.0,462.0
799.0,462.0
799.0,462.0
798.0,462.0
799.0,465.0
799.0,458.0
798.0,463.0
799.0,464.0
799.0,463.0
798.0,461.0
798.0,462.0
798.0,461.0
799.0,463.0
797.0,462.0
799.0,463.0
799.0,462.0
798.0,463.0
796.0,461.0
799.0,463.0
798.0,465.0
799.0,463.0
798.0,461.0
799.0,463.0
798.0,461.0
799.0,461.0
798.0,463.0
798.0,460.0
798.0,460.0
798.0,462.0
799.0,461.0
797.0,462.0
798.0,462.0
799.0,459.0
798.0,459.0
796.0,460.0
798.0,458.0
798.0,458.0
797.0,461.0
797.0,459.0
798.0,460.0
797.0,458.0
798.0,459.0
798.0,460.0
799.0,458.0
798.0,458.0
798.0,457.0
797.0,456.0
798.0,458.0
798.0,458.0
798.0,459.0
798.0,458.0
799.0,460.0
798.0,458.0
799.0,460.0
798.0,458.0
799.0,458.0
798.0,457.0
799.0,458.0
798.0,457.0
799.0,458.0
799.0,459.0
798.0,459.0
800.0,459.0
799.0,458.0
799.0,457.0
798.0,460.0
798.0,459.0
799.0,458.0
798.0,457.0
798.0,457.0
798.0,458.0
798.0,458.0
799.0,455.0
799.0,457.0
798.0,457.0
799.0,457.0
798.0,455.0
799.0,458.0
799.0,457.0
798.0,458.0
797.0,458.0
798.0,458.0
798.0,457.0
797.0,459.0
798.0,458.0
798.0,458.0
797.0,456.0
799.0,457.0
798.0,458.0
798.0,458.0
797.0,457.0
797.0,456.0
799.0,457.0
797.0,456.0
799.0,457.0
799.0,458.0
798.0,455.0
798.0,458.0
798.0,454.0
797.0,459.0
799.0,456.0
798.0,457.0
799.0,457.0
798.0,456.0
798.0,457.0
799.0,456.0
798.0,456.0
798.0,458.0
799.0,457.0
799.0,456.0
799.0,455.0
799.0,459.0
800.0,460.0
799.0,457.0
798.0,457.0
798.0,457.0
799.0,458.0
798.0,457.0
798.0,457.0
798.0,456.0
799.0,457.0
799.0,459.0
799.0,456.0
798.0,458.0
799.0,459.0
800.0,456.0
798.0,456.0
799.0,458.0
798.0,457.0
799.0,457.0
798.0,458.0
799.0,459.0
799.0,458.0
799.0,457.0
798.0,457.0
799.0,457.0
799.0,457.0
801.0,456.0
800.0,454.0
798.0,456.0
798.0,456.0
799.0,457.0
799.0,455.0
799.0,457.0
800.0,456.0
799.0,458.0
800.0,456.0
800.0,456.0
800.0,457.0
800.0,456.0
799.0,457.0
798.0,457.0
800.0,456.0
797.0,456.0
799.0,456.0
801.0,456.0
801.0,456.0
799.0,457.0
799.0,455.0
800.0,456.0
799.0,457.0
799.0,457.0
800.0,456.0
800.0,456.0
800.0,455.0
800.0,455.0
800.0,458.0
799.0,457.0
798.0,458.0
800.0,457.0
799.0,457.0
801.0,455.0
800.0,456.0
801.0,455.0
799.0,457.0
800.0,456.0
800.0,457.0
800.0,456.0
800.0,457.0
801.0,456.0
801.0,455.0
799.0,456.0
798.0,454.0
800.0,457.0
799.0,457.0
800.0,459.0
800.0,452.0
800.0,455.0
799.0,456.0
799.0,456.0
800.0,456.0
799.0,456.0
800.0,455.0
799.0,457.0
800.0,456.0
800.0,457.0
800.0,454.0
800.0,457.0
801.0,456.0
801.0,457.0
800.0,455.0
800.0,455.0
800.0,454.0
801.0,457.0
799.0,456.0
800.0,456.0
800.0,456.0
800.0,457.0
799.0,453.0
800.0,712.0
467.0,712.0
465.0,712.0
466.0,711.0
467.0,712.0
467.0,711.0
469.0,712.0
466.0,713.0
465.0,712.0
467.0,712.0
465.0,712.0
469.0,712.0
466.0,712.0
464.0,712.0
466.0,711.0
466.0,714.0
467.0,713.0
466.0,713.0
465.0,712.0
467.0,711.0
465.0,712.0
464.0,712.0
466.0,712.0
468.0,712.0
466.0,713.0
467.0,712.0
466.0,712.0
465.0,712.0
465.0,711.0
466.0,712.0
465.0,712.0
465.0,712.0
465.0,712.0
464.0,712.0
465.0,712.0
463.0,713.0
466.0,712.0
465.0,712.0
464.0,713.0
465.0,713.0
466.0,714.0
464.0,712.0
465.0,713.0
465.0,714.0
465.0,713.0
465.0,713.0
465.0,712.0
464.0,712.0
464.0,712.0
464.0,712.0
465.0,713.0
464.0,713.0
463.0,713.0
462.0,713.0
461.0,713.0
465.0,714.0
464.0,712.0
460.0,713.0
463.0,712.0
464.0,713.0
465.0,713.0
463.0,713.0
463.0,712.0
462.0,715.0
463.0,712.0
463.0,713.0
464.0,713.0
462.0,713.0
462.0,713.0
463.0,713.0
461.0,714.0
462.0,713.0
462.0,714.0
463.0,714.0
461.0,714.0
463.0,714.0
462.0,713.0
463.0,715.0
463.0,713.0
462.0,715.0
462.0,714.0
462.0,713.0
463.0,713.0
463.0,715.0
462.0,714.0
463.0,713.0
460.0,714.0
461.0,715.0
461.0,714.0
460.0,714.0
461.0,715.0
459.0,714.0
462.0,714.0
461.0,715.0
462.0,713.0
461.0,715.0
461.0,713.0
462.0,715.0
461.0,715.0
460.0,713.0
462.0,714.0
459.0,714.0
461.0,714.0
460.0,713.0
461.0,715.0
459.0,714.0
461.0,715.0
459.0,714.0
460.0,715.0
461.0,715.0
461.0,714.0
460.0,715.0
461.0,714.0
459.0,714.0
460.0,716.0
460.0,715.0
459.0,716.0
460.0,715.0
461.0,715.0
460.0,715.0
460.0,715.0
459.0,715.0
460.0,715.0
459.0,715.0
461.0,716.0
459.0,714.0
457.0,715.0
459.0,715.0
459.0,715.0
458.0,718.0
459.0,714.0
458.0,715.0
459.0,715.0
458.0,716.0
460.0,715.0
459.0,717.0
458.0,715.0
458.0,716.0
459.0,716.0
460.0,715.0
459.0,716.0
459.0,716.0
458.0,715.0
458.0,716.0
460.0,716.0
460.0,716.0
460.0,716.0
459.0,716.0
458.0,717.0
458.0,718.0
458.0,717.0
457.0,717.0
459.0,717.0
458.0,717.0
458.0,717.0
458.0,718.0
457.0,718.0
459.0,717.0
458.0,719.0
458.0,718.0
459.0,717.0
458.0,717.0
458.0,718.0
457.0,718.0
458.0,717.0
457.0,718.0
458.0,716.0
455.0,717.0
456.0,717.0
458.0,717.0
457.0,717.0
457.0,717.0
457.0,716.0
456.0,717.0
456.0,717.0
457.0,718.0
457.0,718.0
456.0,719.0
457.0,717.0
457.0,718.0
457.0,716.0
456.0,718.0
457.0,718.0
456.0,717.0
456.0,718.0
456.0,717.0
457.0,718.0
456.0,718.0
458.0,718.0
457.0,718.0
457.0,718.0
455.0,719.0
457.0,718.0
457.0,718.0
458.0,718.0
455.0,717.0
457.0,718.0
457.0,718.0
456.0,719.0
458.0,718.0
457.0,718.0
457.0,718.0
455.0,718.0
457.0,718.0
456.0,718.0
456.0,718.0
457.0,718.0
457.0,719.0
455.0,717.0
455.0,718.0
456.0,719.0
455.0,718.0
456.0,719.0
456.0,719.0
456.0,719.0
456.0,719.0
458.0,718.0
456.0,719.0
457.0,719.0
456.0,720.0
456.0,720.0
456.0,719.0
458.0,718.0
455.0,720.0
457.0,719.0
456.0,720.0
457.0,719.0
457.0,719.0
455.0,720.0
452.0,719.0
454.0,720.0
457.0,720.0
453.0,720.0
455.0,720.0
456.0,721.0
455.0,720.0
456.0,720.0
456.0,720.0
456.0,720.0
455.0,720.0
456.0,720.0
457.0,720.0
456.0,720.0
455.0,720.0
455.0,721.0
456.0,720.0
457.0,720.0
455.0,721.0
455.0,722.0
455.0,721.0
455.0,722.0
456.0,721.0
455.0,722.0
456.0,721.0
455.0,721.0
455.0,721.0
457.0,720.0
456.0,721.0
455.0,721.0
455.0,722.0
454.0,721.0
455.0,723.0
456.0,721.0
453.0,722.0
455.0,721.0
453.0,721.0
455.0,721.0
455.0,722.0
456.0,721.0
454.0,721.0
456.0,722.0
456.0,722.0
453.0,722.0
454.0,723.0
454.0,723.0
456.0,723.0
454.0,723.0
453.0,723.0
454.0,723.0
454.0,722.0
454.0,723.0
454.0,722.0
455.0,722.0
454.0,722.0
454.0,722.0
454.0,722.0
454.0,723.0
455.0,722.0
455.0,723.0
455.0,724.0
454.0,723.0
455.0,725.0
454.0,724.0
456.0,723.0
455.0,723.0
454.0,723.0
454.0,722.0
454.0,723.0
453.0,723.0
455.0,724.0
454.0,723.0
454.0,723.0
455.0,723.0
454.0,723.0
454.0,724.0
455.0,723.0
454.0,724.0
454.0,723.0
453.0,723.0
454.0,723.0
454.0,723.0
452.0,723.0
455.0,724.0
454.0,725.0
454.0,723.0
453.0,724.0
454.0,724.0
453.0,724.0
454.0,725.0
453.0,724.0
454.0,724.0
454.0,723.0
454.0,725.0
454.0,725.0
454.0,725.0
453.0,724.0
454.0,724.0
454.0,724.0
454.0,725.0
454.0,726.0
453.0,725.0
454.0,726.0
453.0,725.0
454.0,726.0
454.0,725.0
454.0,725.0
453.0,726.0
454.0,725.0
454.0,726.0
452.0,726.0
453.0,726.0
454.0,726.0
453.0,726.0
454.0,727.0
453.0,726.0
455.0,727.0
453.0,725.0
454.0,726.0
452.0,726.0
455.0,727.0
453.0,726.0
454.0,727.0
452.0,726.0
454.0,727.0
453.0,726.0
453.0,727.0
452.0,727.0
453.0,726.0
454.0,727.0
454.0,727.0
452.0,729.0
453.0,727.0
451.0,726.0
453.0,726.0
452.0,725.0
453.0,728.0
452.0,728.0
452.0,727.0
453.0,728.0
452.0,728.0
452.0,726.0
453.0,726.0
452.0,726.0
453.0,728.0
453.0,727.0
452.0,727.0
451.0,727.0
453.0,729.0
454.0,728.0
452.0,728.0
451.0,728.0
453.0,727.0
453.0,728.0
453.0,727.0
452.0,727.0
454.0,729.0
453.0,728.0
453.0,728.0
452.0,726.0
454.0,728.0
452.0,728.0
453.0,728.0
453.0,728.0
453.0,728.0
452.0,728.0
454.0,727.0
452.0,731.0
452.0,727.0
453.0,729.0
452.0,728.0
452.0,728.0
452.0,727.0
452.0,727.0
453.0,729.0
452.0,728.0
452.0,727.0
450.0,728.0
452.0,728.0
453.0,729.0
452.0,728.0
452.0,727.0
453.0,728.0
452.0,728.0
453.0,728.0
453.0,729.0
452.0,729.0
452.0,729.0
453.0,729.0
452.0,729.0
451.0,729.0
454.0,729.0
452.0,730.0
451.0,729.0
452.0,729.0
453.0,728.0
453.0,728.0
450.0,728.0
451.0,730.0
453.0,730.0
452.0,731.0
453.0,729.0
453.0,731.0
452.0,730.0
