X,Y
-5.545061858006437,14.314143693840718
-5.531692124252024,14.351390731715348
-5.601797389013659,14.29203577904413
-5.545061858006437,14.314143693840718
-5.444850790874417,14.32048010754201
-5.501612244575978,14.298769644823427
-5.488239079053919,14.336026384887242
-5.488239079053919,14.336026384887242
-5.658444779378868,14.269702988351153
-5.545061858006437,14.314143693840718
-5.545061858006437,14.314143693840718
-5.444850790874417,14.32048010754201
-5.645370955727511,14.307054919308353
-5.531692124252024,14.351390731715348
-5.588575506291906,14.32933555690393
-5.545061858006437,14.314143693840718
-5.5752091636234775,14.366572878295662
-5.374335354949729,14.379114722039573
-5.545061858006437,14.314143693840718
-5.545061858006437,14.314143693840718
-5.545061858006437,14.314143693840718
-5.658444779378868,14.269702988351153
-5.545061858006437,14.314143693840718
-5.601797389013659,14.29203577904413
-5.545061858006437,14.314143693840718
-5.501612244575978,14.298769644823427
-5.545061858006437,14.314143693840718
-5.531692124252024,14.351390731715348
-5.5582871339836775,14.276834200255452
-5.601797389013659,14.29203577904413
-5.588575506291906,14.32933555690393
-5.545061858006437,14.314143693840718
-5.474721704630915,14.373220096718768
-5.588575506291906,14.32933555690393
-5.588575506291906,14.32933555690393
-5.545061858006437,14.314143693840718
-5.488239079053919,14.336026384887242
-5.601797389013659,14.29203577904413
-5.545061858006437,14.314143693840718
-5.531692124252024,14.351390731715348
-5.601797389013659,14.29203577904413
-5.531692124252024,14.351390731715348
-5.588575506291906,14.32933555690393
-5.501612244575978,14.298769644823427
-5.658444779378868,14.269702988351153
-5.431329946225605,14.35768350787378
-5.588575506291906,14.32933555690393
-5.501612244575978,14.298769644823427
-5.488239079053919,14.336026384887242
-5.545061858006437,14.314143693840718
-5.601797389013659,14.29203577904413
-5.488239079053919,14.336026384887242
-5.645370955727511,14.307054919308353
-5.444850790874417,14.32048010754201
-5.601797389013659,14.29203577904413
-5.545061858006437,14.314143693840718
-5.488239079053919,14.336026384887242
-5.702077578919344,14.284549169499973
-5.488239079053919,14.336026384887242
-5.501612244575978,14.298769644823427
-5.588575506291906,14.32933555690393
-5.5181781794301825,14.388574740591656
-5.488239079053919,14.336026384887242
-5.431329946225605,14.35768350787378
-5.588575506291906,14.32933555690393
-5.601797389013659,14.29203577904413
-5.388003665983582,14.34196524681118
-5.531692124252024,14.351390731715348
-5.601797389013659,14.29203577904413
-5.545061858006437,14.314143693840718
-5.601797389013659,14.29203577904413
-5.614874567354956,14.254674118978052
-5.545061858006437,14.314143693840718
-5.601797389013659,14.29203577904413
-5.645370955727511,14.307054919308353
-5.501612244575978,14.298769644823427
-5.488239079053919,14.336026384887242
-5.715003137792181,14.247145673153739
-5.545061858006437,14.314143693840718
-5.545061858006437,14.314143693840718
-5.545061858006437,14.314143693840718
-5.601797389013659,14.29203577904413
-5.5582871339836775,14.276834200255452
-5.601797389013659,14.29203577904413
-5.545061858006437,14.314143693840718
-5.545061858006437,14.314143693840718
-5.545061858006437,14.314143693840718
-5.488239079053919,14.336026384887242
-5.545061858006437,14.314143693840718
-5.431329946225605,14.35768350787378
-5.488239079053919,14.336026384887242
-5.388003665983582,14.34196524681118
-5.545061858006437,14.314143693840718
-5.488239079053919,14.336026384887242
-5.545061858006437,14.314143693840718
-5.545061858006437,14.314143693840718
-5.601797389013659,14.29203577904413
-5.545061858006437,14.314143693840718
-5.545061858006437,14.314143693840718
-5.488239079053919,14.336026384887242
-5.531692124252024,14.351390731715348
-5.588575506291906,14.32933555690393
-5.658444779378868,14.269702988351153
-5.488239079053919,14.336026384887242
-5.545061858006437,14.314143693840718
-5.588575506291906,14.32933555690393
-5.588575506291906,14.32933555690393
-5.601797389013659,14.29203577904413
-5.588575506291906,14.32933555690393
-5.545061858006437,14.314143693840718
-5.431329946225605,14.35768350787378
-5.588575506291906,14.32933555690393
-5.601797389013659,14.29203577904413
-5.545061858006437,14.314143693840718
-5.601797389013659,14.29203577904413
-5.601797389013659,14.29203577904413
-5.545061858006437,14.314143693840718
-5.601797389013659,14.29203577904413
-5.488239079053919,14.336026384887242
-5.444850790874417,14.32048010754201
-5.5582871339836775,14.276834200255452
-5.531692124252024,14.351390731715348
-5.658444779378868,14.269702988351153
-5.545061858006437,14.314143693840718
-5.501612244575978,14.298769644823427
-5.488239079053919,14.336026384887242
-5.431329946225605,14.35768350787378
-5.545061858006437,14.314143693840718
-5.431329946225605,14.35768350787378
-5.545061858006437,14.314143693840718
-5.488239079053919,14.336026384887242
-5.545061858006437,14.314143693840718
-5.488239079053919,14.336026384887242
-5.601797389013659,14.29203577904413
-5.431329946225605,14.35768350787378
-5.601797389013659,14.29203577904413
-5.645370955727511,14.307054919308353
-5.545061858006437,14.314143693840718
-5.474721704630915,14.373220096718768
-5.601797389013659,14.29203577904413
-5.488239079053919,14.336026384887242
-5.545061858006437,14.314143693840718
-5.488239079053919,14.336026384887242
-5.601797389013659,14.29203577904413
-5.601797389013659,14.29203577904413
-5.545061858006437,14.314143693840718
-5.545061858006437,14.314143693840718
-5.588575506291906,14.32933555690393
-5.488239079053919,14.336026384887242
-5.588575506291906,14.32933555690393
-5.6890070691641474,14.321891357377767
-5.5582871339836775,14.276834200255452
-5.601797389013659,14.29203577904413
-5.501612244575978,14.298769644823427
-5.5582871339836775,14.276834200255452
-5.645370955727511,14.307054919308353
-5.601797389013659,14.29203577904413
-5.5582871339836775,14.276834200255452
-5.531692124252024,14.351390731715348
-5.601797389013659,14.29203577904413
-5.588575506291906,14.32933555690393
-5.601797389013659,14.29203577904413
-5.545061858006437,14.314143693840718
-5.702077578919344,14.284549169499973
-5.601797389013659,14.29203577904413
-5.545061858006437,14.314143693840718
-5.545061858006437,14.314143693840718
-5.488239079053919,14.336026384887242
-5.658444779378868,14.269702988351153
-5.601797389013659,14.29203577904413
-5.5582871339836775,14.276834200255452
-5.488239079053919,14.336026384887242
-5.488239079053919,14.336026384887242
-5.488239079053919,14.336026384887242
-5.488239079053919,14.336026384887242
-5.488239079053919,14.336026384887242
-5.545061858006437,14.314143693840718
-5.601797389013659,14.29203577904413
-5.474721704630915,14.373220096718768
-5.388003665983582,14.34196524681118
-5.5582871339836775,14.276834200255452
-5.501612244575978,14.298769644823427
-5.488239079053919,14.336026384887242
-5.545061858006437,14.314143693840718
-5.444850790874417,14.32048010754201
-5.614874567354956,14.254674118978052
-5.431329946225605,14.35768350787378
-5.545061858006437,14.314143693840718
-5.601797389013659,14.29203577904413
-5.431329946225605,14.35768350787378
-5.488239079053919,14.336026384887242
-5.5582871339836775,14.276834200255452
-5.501612244575978,14.298769644823427
-5.488239079053919,14.336026384887242
-5.474721704630915,14.373220096718768
-5.545061858006437,14.314143693840718
-5.501612244575978,14.298769644823427
-5.601797389013659,14.29203577904413
-5.601797389013659,14.29203577904413
-5.388003665983582,14.34196524681118
-5.601797389013659,14.29203577904413
-5.601797389013659,14.29203577904413
-5.588575506291906,14.32933555690393
-5.444850790874417,14.32048010754201
-5.5582871339836775,14.276834200255452
-5.545061858006437,14.314143693840718
-5.658444779378868,14.269702988351153
-5.545061858006437,14.314143693840718
-5.545061858006437,14.314143693840718
-5.531692124252024,14.351390731715348
-5.431329946225605,14.35768350787378
-5.488239079053919,14.336026384887242
-5.474721704630915,14.373220096718768
-5.601797389013659,14.29203577904413
-5.601797389013659,14.29203577904413
-5.545061858006437,14.314143693840718
-5.531692124252024,14.351390731715348
-5.645370955727511,14.307054919308353
-5.545061858006437,14.314143693840718
-5.444850790874417,14.32048010754201
-5.531692124252024,14.351390731715348
-5.545061858006437,14.314143693840718
-5.601797389013659,14.29203577904413
-5.671373654323313,14.23228974966571
-5.545061858006437,14.314143693840718
-5.444850790874417,14.32048010754201
-5.444850790874417,14.32048010754201
-5.488239079053919,14.336026384887242
-5.488239079053919,14.336026384887242
-5.601797389013659,14.29203577904413
-5.545061858006437,14.314143693840718
-5.531692124252024,14.351390731715348
-5.545061858006437,14.314143693840718
-5.545061858006437,14.314143693840718
-5.545061858006437,14.314143693840718
-5.645370955727511,14.307054919308353
-5.488239079053919,14.336026384887242
-5.601797389013659,14.29203577904413
-5.545061858006437,14.314143693840718
-5.588575506291906,14.32933555690393
-5.545061858006437,14.314143693840718
-5.45822742878552,14.283213679753054
-5.601797389013659,14.29203577904413
-5.474721704630915,14.373220096718768
-5.601797389013659,14.29203577904413
-5.545061858006437,14.314143693840718
-5.531692124252024,14.351390731715348
-5.488239079053919,14.336026384887242
-5.545061858006437,14.314143693840718
-5.601797389013659,14.29203577904413
-5.545061858006437,14.314143693840718
-5.545061858006437,14.314143693840718
-5.501612244575978,14.298769644823427
-5.531692124252024,14.351390731715348
-5.488239079053919,14.336026384887242
-5.444850790874417,14.32048010754201
-5.474721704630915,14.373220096718768
-5.645370955727511,14.307054919308353
-5.545061858006437,14.314143693840718
-5.545061858006437,14.314143693840718
-5.531692124252024,14.351390731715348
-5.545061858006437,14.314143693840718
-5.601797389013659,14.29203577904413
-5.545061858006437,14.314143693840718
-5.545061858006437,14.314143693840718
-5.588575506291906,14.32933555690393
-5.545061858006437,14.314143693840718
-5.545061858006437,14.314143693840718
-5.444850790874417,14.32048010754201
-5.488239079053919,14.336026384887242
-5.501612244575978,14.298769644823427
-5.5582871339836775,14.276834200255452
-5.531692124252024,14.351390731715348
-5.601797389013659,14.29203577904413
-5.5582871339836775,14.276834200255452
-5.545061858006437,14.314143693840718
-5.545061858006437,14.314143693840718
-5.545061858006437,14.314143693840718
-5.545061858006437,14.314143693840718
-5.488239079053919,14.336026384887242
-5.545061858006437,14.314143693840718
-5.488239079053919,14.336026384887242
-5.401528021421907,14.304752172604225
-5.545061858006437,14.314143693840718
-5.545061858006437,14.314143693840718
-5.545061858006437,14.314143693840718
-5.488239079053919,14.336026384887242
-5.588575506291906,14.32933555690393
-5.501612244575978,14.298769644823427
-5.545061858006437,14.314143693840718
-5.545061858006437,14.314143693840718
-5.545061858006437,14.314143693840718
-5.488239079053919,14.336026384887242
-5.488239079053919,14.336026384887242
-5.488239079053919,14.336026384887242
-5.488239079053919,14.336026384887242
-5.488239079053919,14.336026384887242
-5.601797389013659,14.29203577904413
-5.488239079053919,14.336026384887242
-5.488239079053919,14.336026384887242
-5.531692124252024,14.351390731715348
-5.444850790874417,14.32048010754201
-5.488239079053919,14.336026384887242
-5.545061858006437,14.314143693840718
-5.531692124252024,14.351390731715348
-5.545061858006437,14.314143693840718
-5.601797389013659,14.29203577904413
-5.601797389013659,14.29203577904413
-5.488239079053919,14.336026384887242
-5.658444779378868,14.269702988351153
-5.545061858006437,14.314143693840718
-5.588575506291906,14.32933555690393
-5.645370955727511,14.307054919308353
-5.601797389013659,14.29203577904413
-5.601797389013659,14.29203577904413
-5.545061858006437,14.314143693840718
-5.488239079053919,14.336026384887242
-5.645370955727511,14.307054919308353
-5.5582871339836775,14.276834200255452
-5.488239079053919,14.336026384887242
-5.545061858006437,14.314143693840718
-5.531692124252024,14.351390731715348
-5.601797389013659,14.29203577904413
-5.545061858006437,14.314143693840718
-5.545061858006437,14.314143693840718
-5.545061858006437,14.314143693840718
-5.545061858006437,14.314143693840718
-5.545061858006437,14.314143693840718
-5.501612244575978,14.298769644823427
-5.658444779378868,14.269702988351153
-5.431329946225605,14.35768350787378
-5.45822742878552,14.283213679753054
-5.488239079053919,14.336026384887242
-5.545061858006437,14.314143693840718
-5.601797389013659,14.29203577904413
-5.488239079053919,14.336026384887242
-5.488239079053919,14.336026384887242
-5.488239079053919,14.336026384887242
-5.501612244575978,14.298769644823427
-5.658444779378868,14.269702988351153
-5.545061858006437,14.314143693840718
-5.444850790874417,14.32048010754201
-5.545061858006437,14.314143693840718
-5.545061858006437,14.314143693840718
-5.658444779378868,14.269702988351153
-5.545061858006437,14.314143693840718
-5.601797389013659,14.29203577904413
-5.5582871339836775,14.276834200255452
-5.545061858006437,14.314143693840718
-5.601797389013659,14.29203577904413
-5.501612244575978,14.298769644823427
-5.601797389013659,14.29203577904413
-5.588575506291906,14.32933555690393
-5.545061858006437,14.314143693840718
-5.488239079053919,14.336026384887242
-5.545061858006437,14.314143693840718
-5.601797389013659,14.29203577904413
-5.545061858006437,14.314143693840718
-5.51484095448716,14.261450449815493
-5.601797389013659,14.29203577904413
-5.488239079053919,14.336026384887242
-5.531692124252024,14.351390731715348
-5.444850790874417,14.32048010754201
-5.545061858006437,14.314143693840718
-5.501612244575978,14.298769644823427
-5.545061858006437,14.314143693840718
-5.545061858006437,14.314143693840718
-5.5582871339836775,14.276834200255452
-5.501612244575978,14.298769644823427
-5.545061858006437,14.314143693840718
-5.588575506291906,14.32933555690393
-5.444850790874417,14.32048010754201
-5.501612244575978,14.298769644823427
-5.374335354949729,14.379114722039573
-5.545061858006437,14.314143693840718
-5.545061858006437,14.314143693840718
-5.531692124252024,14.351390731715348
-5.545061858006437,14.314143693840718
-5.488239079053919,14.336026384887242
-5.545061858006437,14.314143693840718
-5.45822742878552,14.283213679753054
-5.545061858006437,14.314143693840718
-5.545061858006437,14.314143693840718
-5.488239079053919,14.336026384887242
-5.488239079053919,14.336026384887242
-5.658444779378868,14.269702988351153
-5.531692124252024,14.351390731715348
-5.531692124252024,14.351390731715348
-5.444850790874417,14.32048010754201
-5.601797389013659,14.29203577904413
-5.545061858006437,14.314143693840718
-5.488239079053919,14.336026384887242
-5.488239079053919,14.336026384887242
-5.531692124252024,14.351390731715348
-5.531692124252024,14.351390731715348
-5.645370955727511,14.307054919308353
-5.545061858006437,14.314143693840718
-5.444850790874417,14.32048010754201
-5.545061858006437,14.314143693840718
-5.545061858006437,14.314143693840718
-5.614874567354956,14.254674118978052
-5.488239079053919,14.336026384887242
-5.444850790874417,14.32048010754201
-5.588575506291906,14.32933555690393
-5.444850790874417,14.32048010754201
-5.444850790874417,14.32048010754201
-5.5582871339836775,14.276834200255452
-5.531692124252024,14.351390731715348
-5.645370955727511,14.307054919308353
-5.501612244575978,14.298769644823427
-5.488239079053919,14.336026384887242
-5.601797389013659,14.29203577904413
-5.501612244575978,14.298769644823427
-5.545061858006437,14.314143693840718
-5.588575506291906,14.32933555690393
-5.545061858006437,14.314143693840718
-5.488239079053919,14.336026384887242
-5.645370955727511,14.307054919308353
-5.444850790874417,14.32048010754201
-5.702077578919344,14.284549169499973
-5.715003137792181,14.247145673153739
-5.545061858006437,14.314143693840718
-5.645370955727511,14.307054919308353
-5.658444779378868,14.269702988351153
-5.545061858006437,14.314143693840718
-5.588575506291906,14.32933555690393
-5.431329946225605,14.35768350787378
-5.545061858006437,14.314143693840718
-5.488239079053919,14.336026384887242
-5.545061858006437,14.314143693840718
-5.488239079053919,14.336026384887242
-5.501612244575978,14.298769644823427
-5.474721704630915,14.373220096718768
-5.545061858006437,14.314143693840718
-5.444850790874417,14.32048010754201
-5.545061858006437,14.314143693840718
-5.531692124252024,14.351390731715348
-5.488239079053919,14.336026384887242
-5.501612244575978,14.298769644823427
-5.545061858006437,14.314143693840718
-5.5582871339836775,14.276834200255452
-5.488239079053919,14.336026384887242
-5.601797389013659,14.29203577904413
-5.588575506291906,14.32933555690393
-5.545061858006437,14.314143693840718
-5.545061858006437,14.314143693840718
-5.545061858006437,14.314143693840718
-5.588575506291906,14.32933555690393
-5.614874567354956,14.254674118978052
-5.645370955727511,14.307054919308353
-5.488239079053919,14.336026384887242
-5.545061858006437,14.314143693840718
-5.545061858006437,14.314143693840718
-5.488239079053919,14.336026384887242
-5.545061858006437,14.314143693840718
-5.601797389013659,14.29203577904413
-5.545061858006437,14.314143693840718
-5.488239079053919,14.336026384887242
-5.488239079053919,14.336026384887242
-5.601797389013659,14.29203577904413
-5.545061858006437,14.314143693840718
-5.401528021421907,14.304752172604225
-5.531692124252024,14.351390731715348
-5.531692124252024,14.351390731715348
-5.431329946225605,14.35768350787378
-5.601797389013659,14.29203577904413
-5.444850790874417,14.32048010754201
-5.531692124252024,14.351390731715348
-5.601797389013659,14.29203577904413
-5.531692124252024,14.351390731715348
-5.545061858006437,14.314143693840718
-5.501612244575978,14.298769644823427
-5.545061858006437,14.314143693840718
-5.614874567354956,14.254674118978052
-5.545061858006437,14.314143693840718
-5.488239079053919,14.336026384887242
-5.545061858006437,14.314143693840718
-5.545061858006437,14.314143693840718
-5.601797389013659,14.29203577904413
-5.601797389013659,14.29203577904413
8.294321430434712,4.110231796197685
8.302170245849203,4.182313920287456
8.229024681153353,4.064978609204834
8.285868501273905,4.038381474750922
8.261014142072506,3.999567931764874
8.261014142072506,3.999567931764874
8.310560016133072,4.077298815158539
8.294321430434712,4.110231796197685
8.285868501273905,4.038381474750922
8.310560016133072,4.077298815158539
8.294321430434712,4.110231796197685
8.310560016133072,4.077298815158539
8.310560016133072,4.077298815158539
8.301822148611734,4.005482588756838
8.335088253175105,4.116319269769586
8.317645172172362,3.972520679096878
8.310560016133072,4.077298815158539
8.285868501273905,4.038381474750922
8.301822148611734,4.005482588756838
8.310560016133072,4.077298815158539
8.351350665012449,4.08322453324455
8.351350665012449,4.08322453324455
8.375870188618022,4.122250463760019
8.367481673773566,4.050065549834661
8.351350665012449,4.08322453324455
8.375870188618022,4.122250463760019
8.351350665012449,4.08322453324455
8.276814025320524,3.96676793959281
8.351350665012449,4.08322453324455
8.310560016133072,4.077298815158539
8.392155806569518,4.088993913031826
8.392155806569518,4.088993913031826
8.392155806569518,4.088993913031826
8.367481673773566,4.050065549834661
8.392155806569518,4.088993913031826
8.367481673773566,4.050065549834661
8.367481673773566,4.050065549834661
8.29248367827791,3.9339055329047223
8.392155806569518,4.088993913031826
8.317645172172362,3.972520679096878
8.383481025647523,4.016842841274972
8.43297481932123,4.094606896322081
8.367481673773566,4.050065549834661
8.383481025647523,4.016842841274972
8.43297481932123,4.094606896322081
8.43297481932123,4.094606896322081
8.383481025647523,4.016842841274972
8.416666615516144,4.128025317505972
8.449150335747062,4.061124049159248
8.424330652950706,4.022288322871064
8.449150335747062,4.061124049159248
8.43297481932123,4.094606896322081
8.465192910282397,4.027577302848316
8.449150335747062,4.061124049159248
8.490003920882776,4.066418570122065
8.49830045752201,4.139105773935594
8.465192910282397,4.027577302848316
8.348898354161243,3.906409864299727
8.465192910282397,4.027577302848316
8.481102290507755,3.993967185225537
8.465192910282397,4.027577302848316
8.506067175511438,4.032709730407749
8.490003920882776,4.066418570122065
8.473807081559004,4.10006342738243
8.465192910282397,4.027577302848316
8.473807081559004,4.10006342738243
8.465192910282397,4.027577302848316
8.506067175511438,4.032709730407749
8.481102290507755,3.993967185225537
8.465192910282397,4.027577302848316
8.506067175511438,4.032709730407749
8.481102290507755,3.993967185225537
8.506067175511438,4.032709730407749
8.455975295941855,3.9553295813333746
8.54695282631048,4.037685557218276
8.55550886658941,4.110506922213981
8.455975295941855,3.9553295813333746
8.506067175511438,4.032709730407749
8.521996592700116,3.998937438626177
8.54695282631048,4.037685557218276
8.571746488808259,4.0765379006532445
8.521996592700116,3.998937438626177
8.562901659193018,4.003751047347376
8.553452914311192,3.9312046253915427
8.587849240165804,4.042504737417468
8.53779192180978,3.9651022261624123
8.628755794387093,4.047167227612275
8.5787157603819,3.9697535410552818
8.587849240165804,4.042504737417468
8.553452914311192,3.9312046253915427
8.56897932378881,3.897245169670285
8.553452914311192,3.9312046253915427
8.587849240165804,4.042504737417468
8.587849240165804,4.042504737417468
8.5787157603819,3.9697535410552818
8.594394881052521,3.93569357327066
8.594394881052521,3.93569357327066
8.587849240165804,4.042504737417468
8.5787157603819,3.9697535410552818
8.603816867295718,4.008407967996365
8.553452914311192,3.9312046253915427
8.5787157603819,3.9697535410552818
8.5787157603819,3.9697535410552818
8.603816867295718,4.008407967996365
8.603816867295718,4.008407967996365
8.603816867295718,4.008407967996365
8.5787157603819,3.9697535410552818
8.619649118957765,3.9742481288804434
8.619649118957765,3.9742481288804434
8.644741594150673,4.012908159650421
8.619649118957765,3.9742481288804434
8.619649118957765,3.9742481288804434
8.594394881052521,3.93569357327066
8.619649118957765,3.9742481288804434
8.619649118957765,3.9742481288804434
8.594394881052521,3.93569357327066
8.584370905944667,3.863224393328613
8.594394881052521,3.93569357327066
8.603816867295718,4.008407967996365
8.55864258922327,3.824984571033963
8.669671866117236,4.051672986879702
8.619649118957765,3.9742481288804434
8.5787157603819,3.9697535410552818
8.635345746041747,3.9400257575525797
8.619649118957765,3.9742481288804434
8.676304886116275,3.944201142257138
8.660591374522399,3.9785859511861603
8.660591374522399,3.9785859511861603
8.701541903913647,3.982766971991995
8.660591374522399,3.9785859511861603
8.685675216743345,4.017251583857533
8.635345746041747,3.9400257575525797
8.660591374522399,3.9785859511861603
8.710596832342125,4.056021976767447
8.669671866117236,4.051672986879702
8.635345746041747,3.9400257575525797
8.676304886116275,3.944201142257138
8.660591374522399,3.9785859511861603
8.710596832342125,4.056021976767447
8.660591374522399,3.9785859511861603
8.701541903913647,3.982766971991995
8.726617111912,4.0214382046369685
8.701541903913647,3.982766971991995
8.717271677976125,3.948219693876054
8.726617111912,4.0214382046369685
8.691881881690406,3.9097542738859845
8.767566656357523,4.025467988479889
8.751530069900465,4.060214161294516
8.65090650157144,3.9057413924795448
8.676304886116275,3.944201142257138
8.717271677976125,3.948219693876054
8.691881881690406,3.9097542738859845
8.717271677976125,3.948219693876054
8.691881881690406,3.9097542738859845
8.742500083831949,3.9867911577893693
8.73286429143301,3.913610293088679
8.717271677976125,3.948219693876054
8.717271677976125,3.948219693876054
8.742500083831949,3.9867911577893693
8.758245498193732,3.952081381373414
8.758245498193732,3.952081381373414
8.742500083831949,3.9867911577893693
8.758245498193732,3.952081381373414
8.767566656357523,4.025467988479889
8.742500083831949,3.9867911577893693
8.701541903913647,3.982766971991995
8.73286429143301,3.913610293088679
8.73286429143301,3.913610293088679
8.758245498193732,3.952081381373414
8.742500083831949,3.9867911577893693
8.73286429143301,3.913610293088679
8.73286429143301,3.913610293088679
8.73286429143301,3.913610293088679
8.717271677976125,3.948219693876054
8.701541903913647,3.982766971991995
8.8085232266532,4.029340904349822
8.707322116150888,3.875245888071786
8.783465290850183,3.9906584775421066
8.783465290850183,3.9906584775421066
8.73286429143301,3.913610293088679
8.748319498944657,3.8789393141863044
8.792470955493558,4.064249506951776
8.73286429143301,3.913610293088679
8.783465290850183,3.9906584775421066
8.758245498193732,3.952081381373414
8.758245498193732,3.952081381373414
8.73286429143301,3.913610293088679
8.77385310725348,3.9173094215248834
8.824436901423423,3.9943689026868983
8.77385310725348,3.9173094215248834
8.855847462414937,3.924236904213923
8.799225723223758,3.9557861761862068
8.763637057333419,3.8442073026942576
8.799225723223758,3.9557861761862068
8.824436901423423,3.9943689026868983
8.8654142918988,3.9979224071337716
8.814847705498087,3.920851633105194
8.789322665435607,3.882475825357972
8.814847705498087,3.920851633105194
8.814847705498087,3.920851633105194
8.799225723223758,3.9557861761862068
8.83033099187143,3.8858553979713997
8.77385310725348,3.9173094215248834
8.83033099187143,3.8858553979713997
8.855847462414937,3.924236904213923
8.814847705498087,3.920851633105194
8.881202893009675,3.9627249858730242
8.814847705498087,3.920851633105194
8.890454950509147,4.0366160203897445
8.763637057333419,3.8442073026942576
8.906396838525282,4.001318967266492
8.871343854411462,3.889078010885296
8.83033099187143,3.8858553979713997
8.83033099187143,3.8858553979713997
8.896851754163805,3.9274652137095023
8.83033099187143,3.8858553979713997
8.871343854411462,3.889078010885296
8.855847462414937,3.924236904213923
8.8654142918988,3.9979224071337716
8.871343854411462,3.889078010885296
8.855847462414937,3.924236904213923
8.881202893009675,3.9627249858730242
8.86088050462348,3.8156800550795777
8.896851754163805,3.9274652137095023
8.871343854411462,3.889078010885296
8.881202893009675,3.9627249858730242
8.886700661576809,3.853857925441188
8.896851754163805,3.9274652137095023
8.912360629136526,3.8921436454328053
8.896851754163805,3.9274652137095023
8.896851754163805,3.9274652137095023
8.871343854411462,3.889078010885296
8.92219859017431,3.965958955989246
8.912360629136526,3.8921436454328053
8.896851754163805,3.9274652137095023
8.912360629136526,3.8921436454328053
8.963198196988467,3.9690359439059644
8.834900611565457,3.777610704584244
8.937859956825935,3.9305365429248025
8.886700661576809,3.853857925441188
8.886700661576809,3.853857925441188
8.896851754163805,3.9274652137095023
8.86088050462348,3.8156800550795777
8.912360629136526,3.8921436454328053
8.937859956825935,3.9305365429248025
8.901917642281592,3.8185772020467623
8.927729273905769,3.856760836804864
8.927729273905769,3.856760836804864
8.912360629136526,3.8921436454328053
8.978871446413859,3.9334508756674103
8.927729273905769,3.856760836804864
8.927729273905769,3.856760836804864
8.942957446655896,3.8213173445511766
8.978871446413859,3.9334508756674103
8.994403419131281,3.8978039171351795
8.958044907781499,3.7858137263520675
9.009793870755232,3.8620956291910074
9.009793870755232,3.8620956291910074
8.968760551664007,3.8595067418020257
9.035428186258326,3.900398529330948
8.968760551664007,3.8595067418020257
8.983999293649674,3.82390047135146
8.983999293649674,3.82390047135146
8.983999293649674,3.82390047135146
8.958044907781499,3.7858137263520675
8.983999293649674,3.82390047135146
8.972991419891187,3.7502505408338966
9.035428186258326,3.900398529330948
8.987796747811299,3.714628347560283
9.060901790132597,3.938808499340041
9.025042559126959,3.8263265736815972
8.942957446655896,3.8213173445511766
9.009793870755232,3.8620956291910074
8.972991419891187,3.7502505408338966
8.968760551664007,3.8595067418020257
9.050828607043904,3.864527490205516
8.983999293649674,3.82390047135146
8.999096678244024,3.788234034311647
9.025042559126959,3.8263265736815972
8.972991419891187,3.7502505408338966
8.972991419891187,3.7502505408338966
8.999096678244024,3.788234034311647
9.025042559126959,3.8263265736815972
9.014052467899525,3.752507991870803
9.014052467899525,3.752507991870803
9.025042559126959,3.8263265736815972
9.014052467899525,3.752507991870803
9.025042559126959,3.8263265736815972
9.014052467899525,3.752507991870803
9.040149244318254,3.7904973134098
8.987796747811299,3.714628347560283
9.040149244318254,3.7904973134098
9.02886642729654,3.716722906154988
9.014052467899525,3.752507991870803
9.040149244318254,3.7904973134098
9.09186413636504,3.866802318554777
9.040149244318254,3.7904973134098
9.040149244318254,3.7904973134098
8.987796747811299,3.714628347560283
9.040149244318254,3.7904973134098
9.13289983453404,3.8689201104236055
8.987796747811299,3.714628347560283
9.081201981818744,3.7926035598319214
9.014052467899525,3.752507991870803
9.066086618922343,3.8285956452510974
9.066086618922343,3.8285956452510974
9.055113688635247,3.7546084121257417
9.02886642729654,3.716722906154988
9.055113688635247,3.7546084121257417
9.02886642729654,3.716722906154988
9.055113688635247,3.7546084121257417
9.081201981818744,3.7926035598319214
9.043538323347045,3.6808793402192737
9.069935656622128,3.718660434517966
9.002460658589621,3.678947707023288
9.13289983453404,3.8689201104236055
9.107130848850808,3.8307076822450696
9.148174624717523,3.8326626833242847
9.09617445790269,3.7565518002600666
9.081201981818744,3.7926035598319214
9.111003811592,3.7204409337865467
9.069935656622128,3.718660434517966
9.122254266550247,3.7945527722390766
9.08461491506486,3.682653946204544
9.002460658589621,3.678947707023288
9.09617445790269,3.7565518002600666
9.055113688635247,3.7546084121257417
9.08461491506486,3.682653946204544
9.09617445790269,3.7565518002600666
9.058067925198289,3.6449778580388834
9.069935656622128,3.718660434517966
9.069935656622128,3.718660434517966
9.09617445790269,3.7565518002600666
9.122254266550247,3.7945527722390766
9.122254266550247,3.7945527722390766
9.08461491506486,3.682653946204544
9.122254266550247,3.7945527722390766
9.069935656622128,3.718660434517966
9.111003811592,3.7204409337865467
9.111003811592,3.7204409337865467
9.111003811592,3.7204409337865467
9.08461491506486,3.682653946204544
9.055113688635247,3.7546084121257417
9.111003811592,3.7204409337865467
9.09617445790269,3.7565518002600666
9.111003811592,3.7204409337865467
9.111003811592,3.7204409337865467
9.137234151506204,3.758338157410817
9.122254266550247,3.7945527722390766
9.137234151506204,3.758338157410817
9.163305474317534,3.7963449517680092
9.152070268019926,3.722064407573719
9.111003811592,3.7204409337865467
9.125689809556427,3.684271528592378
9.099151232994853,3.64658951372417
9.152070268019926,3.722064407573719
9.204354980935234,3.7979801020311257
9.099151232994853,3.64658951372417
9.152070268019926,3.722064407573719
9.152070268019926,3.722064407573719
9.16676238265476,3.685732093471671
9.152070268019926,3.722064407573719
9.152070268019926,3.722064407573719
9.111003811592,3.7204409337865467
9.193134401739345,3.7235308619680754
9.137234151506204,3.758338157410817
9.193134401739345,3.7235308619680754
9.125689809556427,3.684271528592378
9.113544381692586,3.6104677045272586
9.14023222072134,3.648044153779654
9.154630816271343,3.6117593793625717
9.154630816271343,3.6117593793625717
9.127794134691218,3.574289086967003
9.181310264239826,3.6493417867700235
9.181310264239826,3.6493417867700235
9.168885369653896,3.5754177762584853
9.16676238265476,3.685732093471671
9.181310264239826,3.6493417867700235
9.23419558861318,3.7248403055337174
9.154630816271343,3.6117593793625717
9.195713683873663,3.61289406004661
9.181310264239826,3.6493417867700235
9.181310264239826,3.6493417867700235
9.114758851992665,3.5008040780827887
9.195713683873663,3.61289406004661
9.168885369653896,3.5754177762584853
9.193134401739345,3.7235308619680754
9.181310264239826,3.6493417867700235
9.209972414927822,3.5763894867827264
9.168885369653896,3.5754177762584853
9.182995656582863,3.539019916278902
9.168885369653896,3.5754177762584853
9.222384739451694,3.6504824237353386
9.168885369653896,3.5754177762584853
9.195713683873663,3.61289406004661
9.195713683873663,3.61289406004661
9.168885369653896,3.5754177762584853
9.222384739451694,3.6504824237353386
9.236792360449625,3.613871760094919
9.209972414927822,3.5763894867827264
9.182995656582863,3.539019916278902
9.236792360449625,3.613871760094919
9.193134401739345,3.7235308619680754
9.209972414927822,3.5763894867827264
9.248898068161019,3.688182207437561
9.141900267780146,3.5380542302904465
9.195713683873663,3.61289406004661
9.182995656582863,3.539019916278902
9.248898068161019,3.688182207437561
9.182995656582863,3.539019916278902
9.155862559008531,3.5017637046295107
9.196961455042043,3.5025663721205005
9.182995656582863,3.539019916278902
9.155862559008531,3.5017637046295107
9.236792360449625,3.613871760094919
9.251054646521593,3.577204234530557
9.101129254261659,3.4275939721163606
9.101129254261659,3.4275939721163606
9.196961455042043,3.5025663721205005
9.155862559008531,3.5017637046295107
9.182995656582863,3.539019916278902
9.209972414927822,3.5763894867827264
9.155862559008531,3.5017637046295107
9.224086233050432,3.5398286413541142
9.224086233050432,3.5398286413541142
9.209972414927822,3.5763894867827264
9.196961455042043,3.5025663721205005
9.182995656582863,3.539019916278902
9.182995656582863,3.539019916278902
9.251054646521593,3.577204234530557
9.196961455042043,3.5025663721205005
9.29213144051258,3.5778620379675363
9.238054916169737,3.503212099021918
9.251054646521593,3.577204234530557
9.29213144051258,3.5778620379675363
9.196961455042043,3.5025663721205005
9.224086233050432,3.5398286413541142
9.210782545288678,3.466057717356109
9.224086233050432,3.5398286413541142
9.238054916169737,3.503212099021918
9.265171373259797,3.5404804239819363
9.251054646521593,3.577204234530557
9.224086233050432,3.5398286413541142
9.224086233050432,3.5398286413541142
9.196961455042043,3.5025663721205005
9.251054646521593,3.577204234530557
9.224086233050432,3.5398286413541142
9.265171373259797,3.5404804239819363
9.224086233050432,3.5398286413541142
9.238054916169737,3.503212099021918
9.279142318546706,3.50370090627436
9.251054646521593,3.577204234530557
9.265171373259797,3.5404804239819363
9.238054916169737,3.503212099021918
9.238054916169737,3.503212099021918
9.210782545288678,3.466057717356109
9.265171373259797,3.5404804239819363
9.238054916169737,3.503212099021918
9.277866222008257,3.6146924954980384
9.238054916169737,3.503212099021918
0.6482628874978192,19.500999056990143
0.6056581523035066,19.518579353616335
0.6482628874978192,19.500999056990143
0.6482628874978192,19.500999056990143
0.8029484288536314,19.49524256870478
0.6482628874978192,19.500999056990143
0.5709042083129141,19.503417069246304
0.6907935884368991,19.48324040366077
0.6907935884368991,19.48324040366077
0.7680712907212621,19.480346991289316
0.6907935884368991,19.48324040366077
0.8104557281938519,19.462242026484763
0.8104557281938519,19.462242026484763
0.7332495084678208,19.465303705392415
0.6135050169642753,19.485827259904173
0.6984836654484587,19.45011293264764
0.7332495084678208,19.465303705392415
0.7756299022505063,19.447189277074983
0.8527639350200198,19.443959632615332
0.7332495084678208,19.465303705392415
0.6560317515372139,19.468059110394314
0.7756299022505063,19.447189277074983
0.8179340257707542,19.428897436718536
0.6984836654484587,19.45011293264764
0.7756299022505063,19.447189277074983
0.7408600134282277,19.43198904172048
0.6984836654484587,19.45011293264764
0.7756299022505063,19.447189277074983
0.7408600134282277,19.43198904172048
0.7061466441988665,19.416641544367977
0.663774344134787,19.434774897001255
0.6291221261057341,19.419289824708677
0.8179340257707542,19.428897436718536
0.7831600515333836,19.413687755789006
0.6213264384597973,19.452730553331484
0.7408600134282277,19.43198904172048
0.7408600134282277,19.43198904172048
0.7408600134282277,19.43198904172048
0.7831600515333836,19.413687755789006
0.7831600515333836,19.413687755789006
0.5866782307833404,19.437254958727237
0.7061466441988665,19.416641544367977
0.6714903761415226,19.401147011273373
0.6291221261057341,19.419289824708677
0.7484425947799318,19.39833081377394
0.7484425947799318,19.39833081377394
0.7831600515333836,19.413687755789006
0.7484425947799318,19.39833081377394
0.8253830371604264,19.395209396143684
0.6714903761415226,19.401147011273373
0.7061466441988665,19.416641544367977
0.8253830371604264,19.395209396143684
0.6714903761415226,19.401147011273373
0.7484425947799318,19.39833081377394
0.7484425947799318,19.39833081377394
0.713782237089697,19.38282683692971
0.6714903761415226,19.401147011273373
0.713782237089697,19.38282683692971
0.7484425947799318,19.39833081377394
0.8253830371604264,19.395209396143684
0.7484425947799318,19.39833081377394
0.4405751714225794,19.407763863892676
0.5175554534298534,19.40586357343876
0.4750446055223683,19.423669698807014
0.713782237089697,19.38282683692971
0.48308204236444074,19.38994824677808
0.6791795591401879,19.367176053818294
0.713782237089697,19.38282683692971
0.6714903761415226,19.401147011273373
0.8253830371604264,19.395209396143684
0.7484425947799318,19.39833081377394
0.7484425947799318,19.39833081377394
0.6714903761415226,19.401147011273373
0.713782237089697,19.38282683692971
0.7906614533462365,19.379843026675417
0.6368917899334586,19.38550567099818
0.713782237089697,19.38282683692971
0.9095948873427258,19.35772275641085
0.7906614533462365,19.379843026675417
0.8328024787194742,19.36117850763701
0.7906614533462365,19.379843026675417
0.7981338232376121,19.34565569511357
0.8328024787194742,19.36117850763701
0.6791795591401879,19.367176053818294
0.7981338232376121,19.34565569511357
0.7559969664903491,19.364329623299742
0.7213901572704282,19.348669414579117
0.7981338232376121,19.34565569511357
0.7213901572704282,19.348669414579117
0.6791795591401879,19.367176053818294
0.7981338232376121,19.34565569511357
0.7981338232376121,19.34565569511357
0.916848072018411,19.32332058750642
0.916848072018411,19.32332058750642
0.916848072018411,19.32332058750642
0.644635140697856,19.35137869530369
0.6868416054531817,19.332862631378
0.8401920675927728,19.32680538020362
0.7289701186461904,19.31416988768988
0.8401920675927728,19.32680538020362
0.8401920675927728,19.32680538020362
0.8055768775360462,19.311126372607184
0.8055768775360462,19.311126372607184
0.8055768775360462,19.311126372607184
0.7635228432908903,19.329986078176216
0.8475515217211459,19.2920906289659
0.8821709611971728,19.30777900949889
0.9240697670852026,19.288576917019174
0.9587511644714408,19.304127851033574
0.8055768775360462,19.311126372607184
0.8821709611971728,19.30777900949889
0.9240697670852026,19.288576917019174
0.7289701186461904,19.31416988768988
0.965887749697257,19.269199439869148
0.889446038955195,19.272879181436686
0.9312596937538917,19.253492367288445
0.8548805598489598,19.25703487515244
0.8475515217211459,19.2920906289659
1.0076241748926464,19.24964691823247
0.9240697670852026,19.288576917019174
1.0423142628231907,19.26521650996905
0.7365218358854635,19.279328872752096
0.8548805598489598,19.25703487515244
0.8475515217211459,19.2920906289659
0.5835512782280089,19.284565177990068
0.8129903333576448,19.27625567677332
0.9240697670852026,19.288576917019174
1.0076241748926464,19.24964691823247
0.889446038955195,19.272879181436686
0.889446038955195,19.272879181436686
0.8548805598489598,19.25703487515244
0.8548805598489598,19.25703487515244
0.8129903333576448,19.27625567677332
0.889446038955195,19.272879181436686
1.049278309962434,19.229919695365837
0.889446038955195,19.272879181436686
0.889446038955195,19.272879181436686
0.6256672603368604,19.26584421804006
0.9312596937538917,19.253492367288445
1.0076241748926464,19.24964691823247
1.0076241748926464,19.24964691823247
0.8548805598489598,19.25703487515244
1.0076241748926464,19.24964691823247
0.7365218358854635,19.279328872752096
0.7784879749539023,19.260274386085396
0.660041749720763,19.282098721018265
1.0076241748926464,19.24964691823247
0.8548805598489598,19.25703487515244
0.9729917520524852,19.23393052686877
0.8966898847495383,19.237638724972573
0.9312596937538917,19.253492367288445
0.8203739086139049,19.241044231331163
0.8966898847495383,19.237638724972573
0.8621789015318669,19.221638746086718
0.7440450244278728,19.2441469923611
0.9729917520524852,19.23393052686877
0.9800628952568508,19.19832174405421
0.8966898847495383,19.237638724972573
0.8203739086139049,19.241044231331163
0.8966898847495383,19.237638724972573
0.8621789015318669,19.221638746086718
0.8203739086139049,19.241044231331163
0.9384175740706902,19.218067566745212
0.8621789015318669,19.221638746086718
0.9384175740706902,19.218067566745212
0.7859266631682456,19.224907485432283
1.0562081500657572,19.194283143962906
1.0562081500657572,19.194283143962906
0.9800628952568508,19.19832174405421
1.0562081500657572,19.194283143962906
0.9800628952568508,19.19832174405421
1.0216251171984818,19.178401603549784
0.9455431309248116,19.182303149900758
0.9871009038888839,19.162373729520105
0.903902219795111,19.202058271027443
0.9800628952568508,19.19832174405421
0.9455431309248116,19.182303149900758
1.0631035102449362,19.15830749494238
0.9455431309248116,19.182303149900758
1.0216251171984818,19.178401603549784
0.9871009038888839,19.162373729520105
0.9871009038888839,19.162373729520105
0.9110827661414974,19.166138456598407
0.9455431309248116,19.182303149900758
0.9941055033935371,19.126087127422373
0.9871009038888839,19.162373729520105
1.1044973462172198,19.13803977099658
0.9526360880560355,19.146199757335165
1.0699641185022395,19.12199339354417
0.9526360880560355,19.146199757335165
1.02857480911477,19.14227035975885
1.02857480911477,19.14227035975885
0.9526360880560355,19.146199757335165
1.0699641185022395,19.12199339354417
1.1112681054362117,19.101543186850822
1.0699641185022395,19.12199339354417
0.9941055033935371,19.126087127422373
1.0699641185022395,19.12199339354417
0.9182312466806829,19.129879924747264
1.02857480911477,19.14227035975885
1.0767897037376843,19.085341491054372
0.9941055033935371,19.126087127422373
0.9941055033935371,19.126087127422373
1.1112681054362117,19.101543186850822
0.9596961700622243,19.109758035685715
1.1112681054362117,19.101543186850822
1.035490284132611,19.105800919949782
0.8080638341432308,19.116770170748946
1.1870284416582424,19.09698490338151
1.001076420089551,19.089462587966633
1.035490284132611,19.105800919949782
1.1524860447994991,19.08092009869491
1.1524860447994991,19.08092009869491
1.1524860447994991,19.08092009869491
0.9941055033935371,19.126087127422373
0.9596961700622243,19.109758035685715
0.9596961700622243,19.109758035685715
0.9596961700622243,19.109758035685715
0.8838869557961916,19.113414471795988
1.035490284132611,19.105800919949782
1.1180030371717506,19.064709199914155
1.0767897037376843,19.085341491054372
0.9596961700622243,19.109758035685715
0.9253473851544257,19.09328332458891
1.001076420089551,19.089462587966633
1.0767897037376843,19.085341491054372
1.0767897037376843,19.085341491054372
0.9667231024068792,19.072978637635224
1.042371270306629,19.068993937889225
1.001076420089551,19.089462587966633
1.001076420089551,19.089462587966633
1.1180030371717506,19.064709199914155
0.9253473851544257,19.09328332458891
1.0767897037376843,19.085341491054372
1.0767897037376843,19.085341491054372
1.042371270306629,19.068993937889225
1.1180030371717506,19.064709199914155
1.042371270306629,19.068993937889225
0.9667231024068792,19.072978637635224
0.9667231024068792,19.072978637635224
1.1180030371717506,19.064709199914155
1.159129560909105,19.043904408741835
1.0767897037376843,19.085341491054372
1.2001685529480177,19.02292748277847
1.0835799957566747,19.048352444793384
1.2346608879110665,19.039156729228655
1.159129560909105,19.043904408741835
1.159129560909105,19.043904408741835
1.0835799957566747,19.048352444793384
1.159129560909105,19.043904408741835
1.2001685529480177,19.02292748277847
1.1657361801010493,19.006552382071423
1.0835799957566747,19.048352444793384
1.1247018729948568,19.02753847105336
1.0835799957566747,19.048352444793384
1.1657361801010493,19.006552382071423
1.1657361801010493,19.006552382071423
1.1247018729948568,19.02753847105336
1.3164828773402542,18.996706217860275
1.0903347252773095,19.011026918104026
1.2819810616197038,18.980458702546024
1.2411192928234644,19.001778790287048
1.1313643454048785,18.99003166714983
1.1657361801010493,19.006552382071423
1.1657361801010493,19.006552382071423
1.0903347252773095,19.011026918104026
1.1313643454048785,18.99003166714983
1.3227531419829697,18.958967593842807
1.2475392039362287,18.964065335092307
1.2475392039362287,18.964065335092307
1.2475392039362287,18.964065335092307
1.056028692834472,18.994369992219195
1.1723056366707367,18.96886468909612
1.13799018783687,18.95218946108745
1.1723056366707367,18.96886468909612
1.13799018783687,18.95218946108745
1.13799018783687,18.95218946108745
1.1723056366707367,18.96886468909612
1.1723056366707367,18.96886468909612
1.0970536239377804,18.97336558033952
1.2131578803250445,18.94752635554236
1.2883064845622458,18.942565122981684
1.2883064845622458,18.942565122981684
1.2131578803250445,18.94752635554236
1.13799018783687,18.95218946108745
1.2883064845622458,18.942565122981684
1.2475392039362287,18.964065335092307
1.1723056366707367,18.96886468909612
1.1723056366707367,18.96886468909612
1.0628045898125322,18.956554366246007
1.13799018783687,18.95218946108745
1.13799018783687,18.95218946108745
1.2195953409189444,18.90932359051379
1.13799018783687,18.95218946108745
1.178837665864898,18.930842006222917
1.13799018783687,18.95218946108745
1.178837665864898,18.930842006222917
1.178837665864898,18.930842006222917
1.2195953409189444,18.90932359051379
1.2945923576286582,18.904337123367274
1.2195953409189444,18.90932359051379
1.178837665864898,18.930842006222917
1.103736424303854,18.93536910685136
1.2602624974726868,18.88763459172924
1.178837665864898,18.930842006222917
1.300838421588878,18.865775390633136
1.2195953409189444,18.90932359051379
1.2195953409189444,18.90932359051379
1.0628045898125322,18.956554366246007
1.2945923576286582,18.904337123367274
1.103736424303854,18.93536910685136
1.178837665864898,18.930842006222917
1.103736424303854,18.93536910685136
1.2195953409189444,18.90932359051379
1.144579134669009,18.9140125317404
1.178837665864898,18.930842006222917
1.2602624974726868,18.88763459172924
1.2945923576286582,18.904337123367274
1.144579134669009,18.9140125317404
1.0695449192101014,18.918403873269657
1.1853320038888278,18.89248501584109
1.2195953409189444,18.90932359051379
1.103736424303854,18.93536910685136
1.144579134669009,18.9140125317404
1.0695449192101014,18.918403873269657
1.144579134669009,18.9140125317404
1.144579134669009,18.9140125317404
1.1853320038888278,18.89248501584109
1.1853320038888278,18.89248501584109
1.2602624974726868,18.88763459172924
1.0354162447105333,18.901294009496084
1.110382859876079,18.897038178977056
1.2259943165213227,18.870786937082357
1.0695449192101014,18.918403873269657
1.300838421588878,18.865775390633136
1.110382859876079,18.897038178977056
1.1917883879137119,18.853794406309788
1.2259943165213227,18.870786937082357
1.0762494136412326,18.87991919708709
1.2259943165213227,18.870786937082357
1.0762494136412326,18.87991919708709
1.1917883879137119,18.853794406309788
1.2665653587142833,18.84891867638749
1.0762494136412326,18.87991919708709
1.1511309212298102,18.87550156396087
1.1511309212298102,18.87550156396087
1.1511309212298102,18.87550156396087
1.2259943165213227,18.870786937082357
1.3474307843969204,18.804673147813933
1.1511309212298102,18.87550156396087
1.0762494136412326,18.87991919708709
1.0421793671270023,18.862655837492742
1.1576452838055034,18.836657248566635
1.2323545461606904,18.831917087106458
1.1169926650972555,18.85837348402781
1.1169926650972555,18.85837348402781
1.0829178066539793,18.84110102746458
1.307044418217851,18.826880617667403
1.1917883879137119,18.853794406309788
1.2665653587142833,18.84891867638749
1.2323545461606904,18.831917087106458
1.2323545461606904,18.831917087106458
1.1235655753596938,18.81937571527604
1.1917883879137119,18.853794406309788
1.3817137247803681,18.821547919495053
1.1917883879137119,18.853794406309788
1.0829178066539793,18.84110102746458
1.1576452838055034,18.836657248566635
1.307044418217851,18.826880617667403
1.2323545461606904,18.831917087106458
1.2323545461606904,18.831917087106458
1.0081732904944238,18.84524835388031
1.1169926650972555,18.85837348402781
1.1576452838055034,18.836657248566635
1.1576452838055034,18.836657248566635
1.1576452838055034,18.836657248566635
1.2323545461606904,18.831917087106458
1.1576452838055034,18.836657248566635
1.1576452838055034,18.836657248566635
1.2728286838065674,18.80986999042083
1.198206556083931,18.81477087194559
1.3474307843969204,18.804673147813933
1.2728286838065674,18.80986999042083
1.1235655753596938,18.81937571527604
1.1576452838055034,18.836657248566635
1.2323545461606904,18.831917087106458
1.0829178066539793,18.84110102746458
1.198206556083931,18.81477087194559
1.0081732904944238,18.84524835388031
1.238675769854172,18.79271473839365
1.1576452838055034,18.836657248566635
1.1235655753596938,18.81937571527604
1.0489069160611966,18.823684447957945
1.198206556083931,18.81477087194559
0.8995412608230533,18.83141331485589
1.0149605624696088,18.80612400145477
1.238675769854172,18.79271473839365
1.3132100903026793,18.787653503303414
1.198206556083931,18.81477087194559
1.238675769854172,18.79271473839365
1.238675769854172,18.79271473839365
1.1641219596472807,18.7974802823285
1.238675769854172,18.79271473839365
1.238675769854172,18.79271473839365
1.238675769854172,18.79271473839365
1.238675769854172,18.79271473839365
1.2790522146539909,18.770489235119953
1.3534980567283024,18.765268015778457
1.2045862475241726,18.77541511300991
1.1641219596472807,18.7974802823285
1.1301013270124627,18.780045571942843
1.3534980567283024,18.765268015778457
1.319335181649796,18.74809475230704
1.2852356941721812,18.730777117703713
1.2790522146539909,18.770489235119953
1.2790522146539909,18.770489235119953
1.2045862475241726,18.77541511300991
1.2449577286146372,18.753180594688047
1.2045862475241726,18.77541511300991
1.3936918758031376,18.74271392083713
1.2449577286146372,18.753180594688047
1.2045862475241726,18.77541511300991
1.1301013270124627,18.780045571942843
1.2449577286146372,18.753180594688047
1.319335181649796,18.74809475230704
1.2045862475241726,18.77541511300991
1.2790522146539909,18.770489235119953
1.1301013270124627,18.780045571942843
1.319335181649796,18.74809475230704
1.2852356941721812,18.730777117703713
1.319335181649796,18.74809475230704
1.1301013270124627,18.780045571942843
1.0217125205498887,18.7666674102882
1.2449577286146372,18.753180594688047
1.319335181649796,18.74809475230704
1.3996178551125893,18.70280042361952
1.2852356941721812,18.730777117703713
1.2449577286146372,18.753180594688047
1.2449577286146372,18.753180594688047
1.2852356941721812,18.730777117703713
1.170560686978564,18.757971367957726
1.2109272023468174,18.735727835696263
1.2109272023468174,18.735727835696263
1.2109272023468174,18.735727835696263
1.0961452273306769,18.76246699673638
1.1769612050022242,18.718131214093255
1.2852356941721812,18.730777117703713
1.2852356941721812,18.730777117703713
1.2852356941721812,18.730777117703713
1.170560686978564,18.757971367957726
1.2449577286146372,18.753180594688047
1.2109272023468174,18.735727835696263
1.1365996573687496,18.74038375918531
1.2109272023468174,18.735727835696263
1.1365996573687496,18.74038375918531
1.2109272023468174,18.735727835696263
1.2109272023468174,18.735727835696263
1.3254194370920758,18.708205075363885
1.2852356941721812,18.730777117703713
1.3254194370920758,18.708205075363885
1.2852356941721812,18.730777117703713
-0.44445745788466373,12.709537374512717
-0.4635017598972011,12.673904924866948
-0.41322520664161894,12.67564376489772
-0.43227707749138555,12.640004342289375
-0.48241211185419014,12.638190210594045
-0.3629421515559162,12.677183161910156
-0.5137710202537599,12.671966669177355
-0.41322520664161894,12.67564376489772
-0.4635017598972011,12.673904924866948
-0.41322520664161894,12.67564376489772
-0.31265338581128627,12.678523091682848
-0.4635017598972011,12.673904924866948
-0.41322520664161894,12.67564376489772
-0.38213524152964634,12.641619591729528
-0.43227707749138555,12.640004342289375
-0.5137710202537599,12.671966669177355
-0.3511881083524401,12.607465452323675
-0.4011947103664672,12.605973227932745
-0.4011947103664672,12.605973227932745
-0.48241211185419014,12.638190210594045
-0.5325395557758763,12.63617722518772
-0.43227707749138555,12.640004342289375
-0.48241211185419014,12.638190210594045
-0.45119499984241,12.604282656744111
-0.4011947103664672,12.605973227932745
-0.5011881900582078,12.602393765357808
-0.6011501263919815,12.598021143994087
-0.48241211185419014,12.638190210594045
-0.42012023225422884,12.570244602895755
-0.46997864999686395,12.568479241926063
-0.45119499984241,12.604282656744111
-0.45119499984241,12.604282656744111
-0.45119499984241,12.604282656744111
-0.46997864999686395,12.568479241926063
-0.43891148349475934,12.534434250283054
-0.46997864999686395,12.568479241926063
-0.42012023225422884,12.570244602895755
-0.42012023225422884,12.570244602895755
-0.46997864999686395,12.568479241926063
-0.42012023225422884,12.570244602895755
-0.5198296729308186,12.566516124102172
-0.5696725166826443,12.564355280312464
-0.5198296729308186,12.566516124102172
-0.5511734944034914,12.600306583494316
-0.46997864999686395,12.568479241926063
-0.42012023225422884,12.570244602895755
-0.637727117190137,12.5258927581635
-0.42012023225422884,12.570244602895755
-0.5511734944034914,12.600306583494316
-0.5198296729308186,12.566516124102172
-0.46997864999686395,12.568479241926063
-0.5696725166826443,12.564355280312464
-0.5383362410177212,12.53055782304281
-0.5696725166826443,12.564355280312464
-0.6195063970075785,12.561996744556412
-0.6195063970075785,12.561996744556412
-0.5511734944034914,12.600306583494316
-0.5696725166826443,12.564355280312464
-0.7191441311152359,12.556686748695364
-0.48862770637597003,12.532594632779528
-0.5880363052885169,12.52832385312078
-0.6195063970075785,12.561996744556412
-0.5880363052885169,12.52832385312078
-0.5696725166826443,12.564355280312464
-0.5696725166826443,12.564355280312464
-0.637727117190137,12.5258927581635
-0.5383362410177212,12.53055782304281
-0.6011501263919815,12.598021143994087
-0.48862770637597003,12.532594632779528
-0.5567075769936823,12.494519399658678
-0.6062645450303618,12.492212840652705
-0.6011501263919815,12.598021143994087
-0.5383362410177212,12.53055782304281
-0.47608988984147954,12.462570503380757
-0.5696725166826443,12.564355280312464
-0.48862770637597003,12.532594632779528
-0.5567075769936823,12.494519399658678
-0.637727117190137,12.5258927581635
-0.5567075769936823,12.494519399658678
-0.5696725166826443,12.564355280312464
-0.5567075769936823,12.494519399658678
-0.5071418495250103,12.496629365520512
-0.5383362410177212,12.53055782304281
-0.5567075769936823,12.494519399658678
-0.6195063970075785,12.561996744556412
-0.5880363052885169,12.52832385312078
-0.637727117190137,12.5258927581635
-0.4944764081666286,12.42651818278718
-0.6558119738883629,12.489709724794803
-0.45756814250886363,12.498542705039265
-0.5071418495250103,12.496629365520512
-0.5880363052885169,12.52832385312078
-0.5567075769936823,12.494519399658678
-0.48862770637597003,12.532594632779528
-0.5383362410177212,12.53055782304281
-0.5567075769936823,12.494519399658678
-0.5880363052885169,12.52832385312078
-0.637727117190137,12.5258927581635
-0.5255207621184087,12.46058397762833
-0.5567075769936823,12.494519399658678
-0.5567075769936823,12.494519399658678
-0.5567075769936823,12.494519399658678
-0.5567075769936823,12.494519399658678
-0.5071418495250103,12.496629365520512
-0.5880363052885169,12.52832385312078
-0.5071418495250103,12.496629365520512
-0.574943365667613,12.45840139268358
-0.5071418495250103,12.496629365520512
-0.7053490839710818,12.487010091469871
-0.5880363052885169,12.52832385312078
-0.5567075769936823,12.494519399658678
-0.47608988984147954,12.462570503380757
-0.5880363052885169,12.52832385312078
-0.5255207621184087,12.46058397762833
-0.5255207621184087,12.46058397762833
-0.5567075769936823,12.494519399658678
-0.5071418495250103,12.496629365520512
-0.5567075769936823,12.494519399658678
-0.5071418495250103,12.496629365520512
-0.5567075769936823,12.494519399658678
-0.6062645450303618,12.492212840652705
-0.6243569228565444,12.456022782888063
-0.5567075769936823,12.494519399658678
-0.5567075769936823,12.494519399658678
-0.5567075769936823,12.494519399658678
-0.7053490839710818,12.487010091469871
-0.5567075769936823,12.494519399658678
-0.6062645450303618,12.492212840652705
-0.5880363052885169,12.52832385312078
-0.6062645450303618,12.492212840652705
-0.6062645450303618,12.492212840652705
-0.5255207621184087,12.46058397762833
-0.574943365667613,12.45840139268358
-0.574943365667613,12.45840139268358
-0.5071418495250103,12.496629365520512
-0.5567075769936823,12.494519399658678
-0.5071418495250103,12.496629365520512
-0.5071418495250103,12.496629365520512
-0.5567075769936823,12.494519399658678
-0.5071418495250103,12.496629365520512
-0.5567075769936823,12.494519399658678
-0.5255207621184087,12.46058397762833
-0.5437641289646752,12.424459007837125
-0.5071418495250103,12.496629365520512
-0.6062645450303618,12.492212840652705
-0.47608988984147954,12.462570503380757
-0.5567075769936823,12.494519399658678
-0.5567075769936823,12.494519399658678
-0.6243569228565444,12.456022782888063
-0.46357506014129685,12.39232261318146
-0.5567075769936823,12.494519399658678
-0.5567075769936823,12.494519399658678
-0.574943365667613,12.45840139268358
-0.6062645450303618,12.492212840652705
-0.6062645450303618,12.492212840652705
-0.5255207621184087,12.46058397762833
-0.6243569228565444,12.456022782888063
-0.6062645450303618,12.492212840652705
-0.574943365667613,12.45840139268358
-0.574943365667613,12.45840139268358
-0.7053490839710818,12.487010091469871
-0.6243569228565444,12.456022782888063
-0.5930432939874792,12.422204342097674
-0.6243569228565444,12.456022782888063
-0.574943365667613,12.45840139268358
-0.673760656194983,12.453448185667659
-0.6243569228565444,12.456022782888063
-0.5255207621184087,12.46058397762833
-0.6558119738883629,12.489709724794803
-0.6243569228565444,12.456022782888063
-0.673760656194983,12.453448185667659
-0.6062645450303618,12.492212840652705
-0.7231537883472942,12.45067764153198
-0.7231537883472942,12.45067764153198
-0.5930432939874792,12.422204342097674
-0.5255207621184087,12.46058397762833
-0.6423131278593937,12.419754221044524
-0.6243569228565444,12.456022782888063
-0.7231537883472942,12.45067764153198
-0.673760656194983,12.453448185667659
-0.6062645450303618,12.492212840652705
-0.5255207621184087,12.46058397762833
-0.6243569228565444,12.456022782888063
-0.574943365667613,12.45840139268358
-0.574943365667613,12.45840139268358
-0.6243569228565444,12.456022782888063
-0.5255207621184087,12.46058397762833
-0.7231537883472942,12.45067764153198
-0.4451809071035947,12.42838183454806
-0.5930432939874792,12.422204342097674
-0.6243569228565444,12.456022782888063
-0.574943365667613,12.45840139268358
-0.574943365667613,12.45840139268358
-0.5437641289646752,12.424459007837125
-0.5930432939874792,12.422204342097674
-0.4944764081666286,12.42651818278718
-0.5437641289646752,12.424459007837125
-0.5127273822924541,12.39038628199303
-0.6423131278593937,12.419754221044524
-0.6423131278593937,12.419754221044524
-0.6243569228565444,12.456022782888063
-0.574943365667613,12.45840139268358
-0.5437641289646752,12.424459007837125
-0.5930432939874792,12.422204342097674
-0.6243569228565444,12.456022782888063
-0.7408217013942958,12.414267770276146
-0.5930432939874792,12.422204342097674
-0.7408217013942958,12.414267770276146
-0.6915728553516053,12.417108683228742
-0.7583525186664146,12.377781022581788
-0.5930432939874792,12.422204342097674
-0.6601328512801549,12.383407697569126
-0.6110070510452459,12.385928789118987
-0.6110070510452459,12.385928789118987
-0.673760656194983,12.453448185667659
-0.7900588910888899,12.411231526886652
-0.673760656194983,12.453448185667659
-0.7092482647535779,12.380691761145561
-0.6915728553516053,12.417108683228742
-0.6423131278593937,12.419754221044524
-0.6423131278593937,12.419754221044524
-0.673760656194983,12.453448185667659
-0.6915728553516053,12.417108683228742
-0.6423131278593937,12.419754221044524
-0.6915728553516053,12.417108683228742
-0.6915728553516053,12.417108683228742
-0.6601328512801549,12.383407697569126
-0.6915728553516053,12.417108683228742
-0.5618716370114107,12.388254996127406
-0.6915728553516053,12.417108683228742
-0.5930432939874792,12.422204342097674
-0.5618716370114107,12.388254996127406
-0.6915728553516053,12.417108683228742
-0.5127273822924541,12.39038628199303
-0.7092482647535779,12.380691761145561
-0.5127273822924541,12.39038628199303
-0.6915728553516053,12.417108683228742
-0.6601328512801549,12.383407697569126
-0.6110070510452459,12.385928789118987
-0.6110070510452459,12.385928789118987
-0.6110070510452459,12.385928789118987
-0.7900588910888899,12.411231526886652
-0.6601328512801549,12.383407697569126
-0.6110070510452459,12.385928789118987
-0.7583525186664146,12.377781022581788
-0.6601328512801549,12.383407697569126
-0.6601328512801549,12.383407697569126
-0.6288343280817731,12.3495752761949
-0.6288343280817731,12.3495752761949
-0.7408217013942958,12.414267770276146
-0.7408217013942958,12.414267770276146
-0.6288343280817731,12.3495752761949
-0.6601328512801549,12.383407697569126
-0.6465248184916611,12.31314434699362
-0.7267865799548463,12.34419796429788
-0.7092482647535779,12.380691761145561
-0.7583525186664146,12.377781022581788
-0.6601328512801549,12.383407697569126
-0.7583525186664146,12.377781022581788
-0.7267865799548463,12.34419796429788
-0.7583525186664146,12.377781022581788
-0.7408217013942958,12.414267770276146
-0.6601328512801549,12.383407697569126
-0.7092482647535779,12.380691761145561
-0.7092482647535779,12.380691761145561
-0.7092482647535779,12.380691761145561
-0.8565244575039258,12.371375325292298
-0.7092482647535779,12.380691761145561
-0.6778157865137924,12.346983756129717
-0.6288343280817731,12.3495752761949
-0.7267865799548463,12.34419796429788
-0.6288343280817731,12.3495752761949
-0.5798429753501935,12.351972483717548
-0.7092482647535779,12.380691761145561
-0.6778157865137924,12.346983756129717
-0.7092482647535779,12.380691761145561
-0.7583525186664146,12.377781022581788
-0.7092482647535779,12.380691761145561
-0.7092482647535779,12.380691761145561
-0.6778157865137924,12.346983756129717
-0.6288343280817731,12.3495752761949
-0.7267865799548463,12.34419796429788
-0.7092482647535779,12.380691761145561
-0.6778157865137924,12.346983756129717
-0.8074448403951223,12.374675527676386
-0.7267865799548463,12.34419796429788
-0.6778157865137924,12.346983756129717
-0.7583525186664146,12.377781022581788
-0.7092482647535779,12.380691761145561
-0.6778157865137924,12.346983756129717
-0.7583525186664146,12.377781022581788
-0.8565244575039258,12.371375325292298
-0.6288343280817731,12.3495752761949
-0.7583525186664146,12.377781022581788
-0.7583525186664146,12.377781022581788
-0.6601328512801549,12.383407697569126
-0.6953616291138887,12.310482941606422
-0.6778157865137924,12.346983756129717
-0.7757459378813061,12.341217944532016
-0.6778157865137924,12.346983756129717
-0.7267865799548463,12.34419796429788
-0.7267865799548463,12.34419796429788
-0.7267865799548463,12.34419796429788
-0.6465248184916611,12.31314434699362
-0.7267865799548463,12.34419796429788
-0.6778157865137924,12.346983756129717
-0.7267865799548463,12.34419796429788
-0.6778157865137924,12.346983756129717
-0.7267865799548463,12.34419796429788
-0.6953616291138887,12.310482941606422
-0.7092482647535779,12.380691761145561
-0.6288343280817731,12.3495752761949
-0.7267865799548463,12.34419796429788
-0.6778157865137924,12.346983756129717
-0.6465248184916611,12.31314434699362
-0.6288343280817731,12.3495752761949
-0.6640782178280997,12.276636546395606
-0.6465248184916611,12.31314434699362
-0.6953616291138887,12.310482941606422
-0.7267865799548463,12.34419796429788
-0.7441874986727047,12.307627838769172
-0.7757459378813061,12.341217944532016
-0.6465248184916611,12.31314434699362
-0.7267865799548463,12.34419796429788
-0.7441874986727047,12.307627838769172
-0.6778157865137924,12.346983756129717
-0.8246930899494959,12.338043743720798
-0.7267865799548463,12.34419796429788
-0.8074448403951223,12.374675527676386
-0.7757459378813061,12.341217944532016
-0.7757459378813061,12.341217944532016
-0.7441874986727047,12.307627838769172
-0.7757459378813061,12.341217944532016
-0.7757459378813061,12.341217944532016
-0.8246930899494959,12.338043743720798
-0.7757459378813061,12.341217944532016
-0.7930016589247857,12.304579083405054
-0.7267865799548463,12.34419796429788
-0.7757459378813061,12.341217944532016
-0.8736272660077766,12.334675411808215
-0.7441874986727047,12.307627838769172
-0.8565244575039258,12.371375325292298
-0.712770076797347,12.273905800083048
-0.7614507207925781,12.270981931837992
-0.8074448403951223,12.374675527676386
-0.8418033418110324,12.301336723484257
-0.7757459378813061,12.341217944532016
-0.7441874986727047,12.307627838769172
-0.6953616291138887,12.310482941606422
-0.7441874986727047,12.307627838769172
-0.7614507207925781,12.270981931837992
-0.712770076797347,12.273905800083048
-0.7441874986727047,12.307627838769172
-0.7930016589247857,12.304579083405054
-0.8418033418110324,12.301336723484257
-0.7614507207925781,12.270981931837992
-0.7930016589247857,12.304579083405054
-0.7757459378813061,12.341217944532016
-0.8736272660077766,12.334675411808215
-0.8418033418110324,12.301336723484257
-0.7930016589247857,12.304579083405054
-0.7757459378813061,12.341217944532016
-0.8418033418110324,12.301336723484257
-0.8418033418110324,12.301336723484257
-0.7614507207925781,12.270981931837992
-0.8101193838554859,12.267864987665604
-0.8418033418110324,12.301336723484257
-0.8905917794686808,12.297900810023206
-0.7614507207925781,12.270981931837992
-0.8905917794686808,12.297900810023206
-0.8756086715840004,12.227699173906403
-0.8587753002162861,12.264555016608975
-0.8587753002162861,12.264555016608975
-0.8587753002162861,12.264555016608975
-0.8101193838554859,12.267864987665604
-0.8270988169095972,12.231076206956246
-0.7930016589247857,12.304579083405054
-0.7930016589247857,12.304579083405054
-0.8905917794686808,12.297900810023206
-0.8101193838554859,12.267864987665604
-0.8101193838554859,12.267864987665604
-0.9074177043057444,12.261052070748354
-0.8587753002162861,12.264555016608975
-0.7300408294492253,12.237252878838515
-0.8587753002162861,12.264555016608975
-0.8587753002162861,12.264555016608975
-0.7785759483727346,12.234260791969408
-0.8756086715840004,12.227699173906403
-0.8270988169095972,12.231076206956246
-0.8270988169095972,12.231076206956246
-0.956045830767245,12.25735620520031
-0.8756086715840004,12.227699173906403
-0.8756086715840004,12.227699173906403
-0.8439396645054902,12.194213292088778
-0.940652624723495,12.18713438876757
-0.892303164519743,12.190769747348536
-0.9241047491249069,12.2241297459553
-0.8756086715840004,12.227699173906403
-0.8756086715840004,12.227699173906403
-0.8270988169095972,12.231076206956246
-0.8606416352483636,12.15727679503555
-0.892303164519743,12.190769747348536
-0.7955628856489891,12.19746496880635
-0.892303164519743,12.190769747348536
-0.8439396645054902,12.194213292088778
-0.9241047491249069,12.2241297459553
-1.0210525208179244,12.216413933026164
-0.940652624723495,12.18713438876757
-0.892303164519743,12.190769747348536
-0.8124112390393429,12.160595013160966
-0.9889872843694112,12.183307273545877
-0.9088584898204735,12.153767290059246
-1.0373063829430265,12.179288461900633
-0.9088584898204735,12.153767290059246
-0.8606416352483636,12.15727679503555
-0.8936277915573305,12.083185268011858
-1.0213697696752992,12.108970645480447
-0.9889872843694112,12.183307273545877
-0.8772044399347978,12.120267268920779
-0.9088584898204735,12.153767290059246
-0.9088584898204735,12.153767290059246
-0.9570610440948016,12.150066553451836
-0.9252743604791072,12.116692356305565
-0.9252743604791072,12.116692356305565
-0.8772044399347978,12.120267268920779
-0.9570610440948016,12.150066553451836
-0.9733297224325737,12.112926795409235
-0.8936277915573305,12.083185268011858
-0.940652624723495,12.18713438876757
-0.9252743604791072,12.116692356305565
-0.8772044399347978,12.120267268920779
-0.9894583771355032,12.07571567116661
-1.0052485396354742,12.146174643442007
-1.0052485396354742,12.146174643442007
-1.0213697696752992,12.108970645480447
-0.9894583771355032,12.07571567116661
-0.9894583771355032,12.07571567116661
-0.9733297224325737,12.112926795409235
-0.9570610440948016,12.150066553451836
-0.9733297224325737,12.112926795409235
-0.941550491689014,12.079545501488978
-0.941550491689014,12.079545501488978
-1.0213697696752992,12.108970645480447
-1.0693937463283616,12.104823968766647
-0.9733297224325737,12.112926795409235
-1.0213697696752992,12.108970645480447
-0.9733297224325737,12.112926795409235
-0.9576866008485329,12.04232728213669
-0.9894583771355032,12.07571567116661
-1.0373506940973554,12.071695837304642
-0.941550491689014,12.079545501488978
-0.941550491689014,12.079545501488978
-0.9894583771355032,12.07571567116661
-0.9576866008485329,12.04232728213669
-1.0213697696752992,12.108970645480447
-0.8936277915573305,12.083185268011858
-1.0213697696752992,12.108970645480447
-0.941550491689014,12.079545501488978
-0.941550491689014,12.079545501488978
-0.941550491689014,12.079545501488978
-0.9099114053089765,12.046031347710626
-6.706467713277289,14.32960947124193
-6.64957445006217,14.356098927655017
-6.808097708000783,14.313543613357913
-6.64957445006217,14.356098927655017
-6.706467713277289,14.32960947124193
-6.706467713277289,14.32960947124193
-6.6943308108569015,14.36710340214744
-6.7512673728315,14.340436326476452
-6.739132886808298,14.377920253856146
-6.64957445006217,14.356098927655017
-6.808097708000783,14.313543613357913
-6.706467713277289,14.32960947124193
-6.6943308108569015,14.36710340214744
-6.547911446274436,14.370993335911429
-6.7512673728315,14.340436326476452
-6.6943308108569015,14.36710340214744
-6.7512673728315,14.340436326476452
-6.6943308108569015,14.36710340214744
-6.7512673728315,14.340436326476452
-6.6943308108569015,14.36710340214744
-6.6943308108569015,14.36710340214744
-6.637288917936799,14.393544420781767
-6.6943308108569015,14.36710340214744
-6.6943308108569015,14.36710340214744
-6.58014259158831,14.419758966347187
-6.637288917936799,14.393544420781767
-6.567562917568072,14.45709584308317
-6.68204773479016,14.404538901412069
-6.739132886808298,14.377920253856146
-6.68204773479016,14.404538901412069
-6.68204773479016,14.404538901412069
-6.726852224904998,14.415345749055652
-6.6248574450927356,14.430930902908075
-6.68204773479016,14.404538901412069
-6.6248574450927356,14.430930902908075
-6.726852224904998,14.415345749055652
-6.77170160171062,14.425964773991584
-6.669618715773139,14.441915389128093
-6.6248574450927356,14.430930902908075
-6.726852224904998,14.415345749055652
-6.828871037279035,14.39899033263332
-6.714425617817575,14.45271223216775
-6.5548377733424585,14.494372552328338
-6.726852224904998,14.415345749055652
-6.701853298540348,14.49001912420536
-6.759277364612992,14.463321242481745
-6.669618715773139,14.441915389128093
-6.701853298540348,14.49001912420536
-6.759277364612992,14.463321242481745
-6.701853298540348,14.49001912420536
-6.701853298540348,14.49001912420536
-6.657043986800294,14.47923228630794
-6.701853298540348,14.49001912420536
-6.804173168759066,14.473742233822303
-6.644323783160746,14.516489014893295
-6.689135502362325,14.527265847110673
-6.631458342434598,14.553684997764202
-6.689135502362325,14.527265847110673
-6.804173168759066,14.473742233822303
-6.746707413089348,14.50061811936848
-6.689135502362325,14.527265847110673
-6.689135502362325,14.527265847110673
-6.631458342434598,14.553684997764202
-6.746707413089348,14.50061811936848
-6.791605543005402,14.511029085725344
-6.849112242082018,14.483975023242438
-6.746707413089348,14.50061811936848
-6.746707413089348,14.50061811936848
-6.689135502362325,14.527265847110673
-6.689135502362325,14.527265847110673
-6.746707413089348,14.50061811936848
-6.689135502362325,14.527265847110673
-6.906511174827882,14.456693064823854
-6.689135502362325,14.527265847110673
-6.791605543005402,14.511029085725344
-6.791605543005402,14.511029085725344
-6.791605543005402,14.511029085725344
-6.733991982428579,14.537854826594472
-6.676272466863485,14.564451823764227
-6.733991982428579,14.537854826594472
-6.791605543005402,14.511029085725344
-6.618447904489192,14.59081965874814
-6.721131310210552,14.575030787040765
-6.996594201739318,14.476236148819492
-6.766034084950884,14.585421701873527
-6.721131310210552,14.575030787040765
-6.823836074449466,14.558468487077977
-6.778892435876094,14.548255767448572
-6.733991982428579,14.537854826594472
-6.836546900073907,14.521251840504958
-6.836546900073907,14.521251840504958
-6.721131310210552,14.575030787040765
-6.778892435876094,14.548255767448572
-6.778892435876094,14.548255767448572
-6.823836074449466,14.558468487077977
-6.926556139029267,14.541132000772473
-6.778892435876094,14.548255767448572
-6.721131310210552,14.575030787040765
-6.721131310210552,14.575030787040765
-6.721131310210552,14.575030787040765
-6.823836074449466,14.558468487077977
-6.708125636302365,14.61214542453583
-6.881530695321368,14.531286204240498
-6.766034084950884,14.585421701873527
-6.650111639655726,14.638639234584472
-6.766034084950884,14.585421701873527
-6.823836074449466,14.558468487077977
-6.810980002788324,14.595624385843545
-6.753030730096754,14.622526312829194
-6.926556139029267,14.541132000772473
-6.823836074449466,14.558468487077977
-6.708125636302365,14.61214542453583
-6.650111639655726,14.638639234584472
-6.797978924957368,14.63271896063114
-6.6368143345278305,14.675639519285664
-6.753030730096754,14.622526312829194
-6.753030730096754,14.622526312829194
-6.753030730096754,14.622526312829194
-6.753030730096754,14.622526312829194
-6.753030730096754,14.622526312829194
-6.810980002788324,14.595624385843545
-6.797978924957368,14.63271896063114
-6.797978924957368,14.63271896063114
-6.7398826134641725,14.659569025101042
-6.797978924957368,14.63271896063114
-6.694975202854588,14.64919816386465
-6.694975202854588,14.64919816386465
-6.694975202854588,14.64919816386465
-6.797978924957368,14.63271896063114
-6.7398826134641725,14.659569025101042
-6.753030730096754,14.622526312829194
-6.694975202854588,14.64919816386465
-6.7398826134641725,14.659569025101042
-6.694975202854588,14.64919816386465
-6.7398826134641725,14.659569025101042
-6.855968274669332,14.605638659836352
-6.681680254297458,14.686188430777744
-6.7398826134641725,14.659569025101042
-6.681680254297458,14.686188430777744
-6.7398826134641725,14.659569025101042
-6.694975202854588,14.64919816386465
-6.6368143345278305,14.675639519285664
-6.694975202854588,14.64919816386465
-6.6233727632335215,14.712576758822193
-6.681680254297458,14.686188430777744
-6.681680254297458,14.686188430777744
-6.6233727632335215,14.712576758822193
-6.6233727632335215,14.712576758822193
-6.681680254297458,14.686188430777744
-6.7398826134641725,14.659569025101042
-6.6233727632335215,14.712576758822193
-6.681680254297458,14.686188430777744
-6.520180236757488,14.727829082767437
-6.726589979483259,14.6965492644401
-6.681680254297458,14.686188430777744
-6.726589979483259,14.6965492644401
-6.771542721667043,14.70672183838185
-6.6233727632335215,14.712576758822193
-6.784833083106949,14.669751636226732
-6.551229311458422,14.775553036786388
-6.564961057702854,14.738733594031192
-6.668241037337002,14.72311565200023
-6.668241037337002,14.72311565200023
-6.668241037337002,14.72311565200023
-6.771542721667043,14.70672183838185
-6.771542721667043,14.70672183838185
-6.713153074859897,14.733466457571978
-6.8748600422161,14.68955139640568
-6.699572148571945,14.770320032205893
-6.75810808734346,14.743628993822606
-6.75810808734346,14.743628993822606
-6.668241037337002,14.72311565200023
-6.744529429113922,14.780472530258718
-6.640930796385879,14.79677866920085
-6.816537691675466,14.716705974017126
-6.803105285574467,14.753603082342465
-6.699572148571945,14.770320032205893
-6.744529429113922,14.780472530258718
-6.75810808734346,14.743628993822606
-6.848143879599107,14.763388548030223
-6.685847451865227,14.807109417043678
-6.861574099593828,14.726501496068218
-6.803105285574467,14.753603082342465
-6.803105285574467,14.753603082342465
-6.744529429113922,14.780472530258718
-6.848143879599107,14.763388548030223
-6.685847451865227,14.807109417043678
-6.75810808734346,14.743628993822606
-6.582184953468839,14.823004488498007
-6.744529429113922,14.780472530258718
-6.803105285574467,14.753603082342465
-6.744529429113922,14.780472530258718
-6.789528853324052,14.79043657116587
-6.789528853324052,14.79043657116587
-6.744529429113922,14.780472530258718
-6.671979238249632,14.843834041788748
-6.744529429113922,14.780472530258718
-6.789528853324052,14.79043657116587
-6.803105285574467,14.753603082342465
-6.685847451865227,14.807109417043678
-6.744529429113922,14.780472530258718
-6.848143879599107,14.763388548030223
-6.861574099593828,14.726501496068218
-6.716941048183905,14.853966461927921
-6.716941048183905,14.853966461927921
-6.789528853324052,14.79043657116587
-6.730806998224146,14.817251876392515
-6.893223078736832,14.772985219095947
-6.775808646169821,14.827205869190179
-6.730806998224146,14.817251876392515
-6.834569631209439,14.800211980002418
-6.789528853324052,14.79043657116587
-6.834569631209439,14.800211980002418
-6.848143879599107,14.763388548030223
-6.685847451865227,14.807109417043678
-6.789528853324052,14.79043657116587
-7.023338771273129,14.680852445268032
-6.803105285574467,14.753603082342465
-6.775808646169821,14.827205869190179
-6.761944917621444,14.86391040611981
-6.730806998224146,14.817251876392515
-6.879650972051206,14.80979858515497
-6.879650972051206,14.80979858515497
-6.938342091594257,14.782392927064098
-6.834569631209439,14.800211980002418
-6.775808646169821,14.827205869190179
-6.879650972051206,14.80979858515497
-6.730806998224146,14.817251876392515
-6.879650972051206,14.80979858515497
-6.996924040832856,14.754754677625732
-6.879650972051206,14.80979858515497
-6.820851605670325,14.83697122068813
-6.879650972051206,14.80979858515497
-6.879650972051206,14.80979858515497
-6.761944917621444,14.86391040611981
-6.716941048183905,14.853966461927921
-6.996924040832856,14.754754677625732
-6.820851605670325,14.83697122068813
-6.761944917621444,14.86391040611981
-6.865935085968479,14.846547759449548
-6.761944917621444,14.86391040611981
-6.820851605670325,14.83697122068813
-6.761944917621444,14.86391040611981
-6.9247720844183664,14.819196218324713
-6.852075673998088,14.883232171685107
-6.761944917621444,14.86391040611981
-6.806990056491324,14.873665699792287
-6.820851605670325,14.83697122068813
-6.911058295595722,14.855935317352337
-6.598889720009684,14.906786077488599
-6.911058295595722,14.855935317352337
-6.806990056491324,14.873665699792287
-6.7479379234486325,14.900549612669767
-6.865935085968479,14.846547759449548
-6.792985239442022,14.910294848030395
-6.838072991909541,14.919851252577644
-6.806990056491324,14.873665699792287
-6.838072991909541,14.919851252577644
-6.792985239442022,14.910294848030395
-6.911058295595722,14.855935317352337
-6.956220442386048,14.86513372959207
-6.942365178201291,14.901797981668116
-7.073930088149948,14.80948063740563
-6.838072991909541,14.919851252577644
-6.792985239442022,14.910294848030395
-6.897200978635684,14.892609653852892
-6.778837412548074,14.94685809713747
-6.956220442386048,14.86513372959207
-7.060366125972508,14.846253652729018
-6.883200389307622,14.929218658542892
-6.764546836087067,14.983354879877012
-6.778837412548074,14.94685809713747
-6.883200389307622,14.929218658542892
-6.823927297728352,14.956404433862692
-6.869056785636979,14.965761763158364
-6.764546836087067,14.983354879877012
-6.883200389307622,14.929218658542892
-6.869056785636979,14.965761763158364
-6.928366639396738,14.938396901475496
-6.764546836087067,14.983354879877012
-6.869056785636979,14.965761763158364
-6.928366639396738,14.938396901475496
-6.928366639396738,14.938396901475496
-6.928366639396738,14.938396901475496
-6.928366639396738,14.938396901475496
-6.809638851732036,14.99289114830425
-6.928366639396738,14.938396901475496
-6.8547704279011485,15.002238400463806
-6.809638851732036,14.99289114830425
-6.928366639396738,14.938396901475496
-6.91422508399771,14.974929920750737
-6.8547704279011485,15.002238400463806
-6.899940772281491,15.01139647225885
-6.973570949255263,14.94738582024569
-6.959431399852953,14.98390874568711
-6.91422508399771,14.974929920750737
-6.899940772281491,15.01139647225885
-6.973570949255263,14.94738582024569
-6.959431399852953,14.98390874568711
-6.899940772281491,15.01139647225885
-6.899940772281491,15.01139647225885
-6.945149091879585,15.020365202913732
-6.899940772281491,15.01139647225885
-6.899940772281491,15.01139647225885
-6.899940772281491,15.01139647225885
-6.750113772584489,15.019784630049912
-6.780634756639204,15.065662912908754
-6.84034157862538,15.038648004261113
-7.004674939577724,14.992698080338618
-7.0640905732671495,14.964795057401076
-7.109404298292189,14.973215070156277
-6.945149091879585,15.020365202913732
-6.945149091879585,15.020365202913732
-7.049954908893514,15.001297770403024
-6.885513966773263,15.047795989802221
-6.825770502578698,15.074990009398482
-6.885513966773263,15.047795989802221
-6.885513966773263,15.047795989802221
-6.990394593035228,15.029144434976807
-6.9307242878601985,15.056754625728455
-6.765919639320485,15.101946833822282
-6.9307242878601985,15.056754625728455
-6.825770502578698,15.074990009398482
-6.825770502578698,15.074990009398482
-6.870944932241901,15.084127908229558
-6.870944932241901,15.084127908229558
-6.870944932241901,15.084127908229558
-6.9307242878601985,15.056754625728455
-6.8562339356958875,15.12039166344475
-6.975971748190876,15.065523754765387
-6.975971748190876,15.065523754765387
-6.9307242878601985,15.056754625728455
-7.0356764814355,15.037734014323195
-7.0356764814355,15.037734014323195
-6.975971748190876,15.065523754765387
-7.154752904857885,14.981445147494453
-6.975971748190876,15.065523754765387
-6.8562339356958875,15.12039166344475
-6.916157252563596,15.093076448980487
-7.0356764814355,15.037734014323195
-6.961406669813365,15.10183547455406
-6.916157252563596,15.093076448980487
-6.961406669813365,15.10183547455406
-6.916157252563596,15.093076448980487
-6.961406669813365,15.10183547455406
-6.961406669813365,15.10183547455406
-6.916157252563596,15.093076448980487
-6.961406669813365,15.10183547455406
-7.0066923896095386,15.110404831180139
-6.961406669813365,15.10183547455406
-7.0356764814355,15.037734014323195
-7.021255553417971,15.074103222965496
-7.126346239538177,15.054343615016379
-7.021255553417971,15.074103222965496
-6.9466996249109805,15.138079030247727
-7.021255553417971,15.074103222965496
-6.961406669813365,15.10183547455406
-7.0066923896095386,15.110404831180139
-7.021255553417971,15.074103222965496
-7.052013616933125,15.118784368418337
-6.9466996249109805,15.138079030247727
-6.886597558407614,15.165515041478104
-7.126346239538177,15.054343615016379
-7.0066923896095386,15.110404831180139
-7.0066923896095386,15.110404831180139
-7.052013616933125,15.118784368418337
-6.9919872570183825,15.14663827487253
-6.931850882727365,15.174253858815357
-7.066574908556114,15.082492879710884
-7.157317085517487,15.098702173029755
-7.080993962128671,15.046133790157482
-6.9919872570183825,15.14663827487253
-7.111929017995822,15.090692577715904
-7.052013616933125,15.118784368418337
-7.052013616933125,15.118784368418337
-6.977140424888057,15.18280299101213
-6.977140424888057,15.18280299101213
-6.9919872570183825,15.14663827487253
-7.0373103542678,15.155007692185748
-6.977140424888057,15.18280299101213
-6.977140424888057,15.18280299101213
-7.157317085517487,15.098702173029755
-7.0373103542678,15.155007692185748
-6.977140424888057,15.18280299101213
-7.0066923896095386,15.110404831180139
-6.977140424888057,15.18280299101213
-6.977140424888057,15.18280299101213
-7.022465389803579,15.191162287983094
-7.082668120984044,15.163187135257061
-7.022465389803579,15.191162287983094
-7.142759410983762,15.134973399634099
-6.962152164693219,15.21889841764135
-7.022465389803579,15.191162287983094
-7.082668120984044,15.163187135257061
-7.142759410983762,15.134973399634099
-7.067824981765991,15.199331602975585
-7.248191906961433,15.114150496470074
-7.067824981765991,15.199331602975585
-7.128059760883317,15.17117646049125
-6.977140424888057,15.18280299101213
-6.94702275013543,15.254923993884354
-7.067824981765991,15.199331602975585
-7.007478995015062,15.22724759385328
-7.128059760883317,15.17117646049125
-7.113218404459414,15.2073107925722
-7.173484477087121,15.178975527630747
-7.188182384611939,15.142782609403149
-7.067824981765991,15.199331602975585
-7.113218404459414,15.2073107925722
-7.128059760883317,15.17117646049125
-7.067824981765991,15.199331602975585
